"hh","u","v","IntegrationTime","Velocity:0","Velocity:1","Velocity:2","Vorticity:0","Vorticity:1","Vorticity:2","Rotation","AngularVelocity","Normals:0","Normals:1","Normals:2","Points:0","Points:1","Points:2"
13,130,1.1861e-007,0,-1.1861e-007,0,0,0,0,0,0,0,1,0,0,0,0,0
12.823,118.23,1.7826e-007,0,-1.196e-007,6.8113e-009,0,0,0,0,0,0,0,0,1,1.5,1,0
12.857,118.43,1.8093e-007,2.3611e+006,-1.2132e-007,5.0959e-009,0,0,0,0,0,0,0,0,1,1.2175,1.014,0
12.867,118.5,1.7988e-007,3.0584e+006,-1.1758e-007,5.0959e-009,0,0,0,0,0,0,-0,-0,1,1.1329,1.0176,0
12.901,118.73,1.7839e-007,5.4618e+006,-1.1928e-007,3.3909e-009,0,0,0,0,0,0,-0,-0,1,0.85027,1.0278,0
12.934,118.98,1.8085e-007,7.8321e+006,-1.1623e-007,3.3909e-009,0,0,0,0,0,0,-0,-0,1,0.56754,1.036,0
12.935,118.99,1.8085e-007,7.955e+006,-1.1793e-007,1.6935e-009,0,0,0,0,0,0,-0,-0,1,0.55325,1.0362,0
12.968,119.28,1.7726e-007,1.0353e+007,-1.1556e-007,1.6935e-009,0,0,0,0,0,0,-0,-0,1,0.27043,1.0403,0
12.651,106.51,2.7043e-007,0,-1.2893e-007,2.4819e-008,0,0,0,0,0,0,0,0,1,3,2,0
12.688,106.3,2.4932e-007,2.1543e+006,-1.2417e-007,2.2494e-008,0,0,0,0,0,0,0,0,1,2.7231,2.0578,0
12.723,106.15,2.2543e-007,4.3957e+006,-1.2417e-007,2.2494e-008,0,0,0,0,0,0,0,0,1,2.4448,2.1082,0
12.757,105.99,2.0536e-007,6.6371e+006,-1.2013e-007,1.8658e-008,0,0,0,0,0,0,-2.507e-009,-1.4689e-008,1,2.1665,2.1586,0
12.791,105.88,1.9078e-007,8.9637e+006,-1.1299e-007,1.8658e-008,0,0,0,0,0,0,-3.9082e-009,-2.5512e-008,1,1.8873,2.2034,0
12.824,105.8,1.7341e-007,1.1434e+007,-1.1678e-007,1.4866e-008,0,0,0,0,0,0,-4.1341e-009,-2.9514e-008,1,1.6074,2.2443,0
12.827,105.79,1.7168e-007,1.1686e+007,-1.1037e-007,1.4866e-008,0,0,0,0,0,0,-3.9678e-009,-2.9537e-008,1,1.578,2.2482,0
12.859,105.73,1.5648e-007,1.4226e+007,-1.1412e-007,1.1113e-008,0,0,0,0,0,0,-3.4714e-009,-2.9599e-008,1,1.2977,2.286,0
12.89,105.76,1.4861e-007,1.6693e+007,-1.0841e-007,1.1113e-008,0,0,0,0,0,0,-2.7452e-009,-2.9676e-008,1,1.0162,2.3141,0
12.921,105.83,1.3919e-007,1.9288e+007,-1.0712e-007,7.3904e-009,0,0,0,0,0,0,-2.289e-009,-2.9714e-008,1,0.73445,2.3381,0
12.951,105.94,1.3014e-007,2.1922e+007,-1.0712e-007,7.3904e-009,0,0,0,0,0,0,-1.5918e-009,-2.976e-008,1,0.45228,2.3576,0
12.982,106.14,1.2818e-007,2.4556e+007,-1.0647e-007,3.6896e-009,0,0,0,0,0,0,-1.5918e-009,-2.976e-008,1,0.16965,2.3683,0
12.49,94.898,2.2531e-007,0,-1.4666e-007,5.7847e-008,0,0,0,0,0,0,0,0,-1,4.5,3,0
12.532,94.24,1.8196e-007,1.794e+006,-1.3322e-007,5.7847e-008,0,0,0,0,0,0,0,0,-1,4.2387,3.1082,0
12.573,93.516,1.5536e-007,3.7416e+006,-1.1991e-007,5.9117e-008,0,0,0,0,0,0,6.0675e-009,1.361e-008,-1,3.9795,3.2215,0
12.574,93.5,1.5627e-007,3.7839e+006,-1.2631e-007,5.2716e-008,0,0,0,0,0,0,8.4203e-009,1.9318e-008,-1,3.9744,3.2238,0
12.575,93.486,1.5709e-007,3.8252e+006,-1.2631e-007,5.2716e-008,0,0,0,0,0,0,8.1165e-009,1.9448e-008,-1,3.9692,3.226,0
12.575,93.472,1.5791e-007,3.8665e+006,-1.2631e-007,5.2716e-008,0,0,0,0,0,0,8.1166e-009,1.9448e-008,-1,3.964,3.2282,0
12.576,93.458,1.5873e-007,3.9079e+006,-1.2631e-007,5.2716e-008,0,0,0,0,0,0,8.1166e-009,1.9448e-008,-1,3.9587,3.2303,0
12.577,93.444,1.5955e-007,3.9492e+006,-1.2631e-007,5.2716e-008,0,0,0,0,0,0,8.1166e-009,1.9448e-008,-1,3.9535,3.2325,0
12.578,93.43,1.6037e-007,3.9905e+006,-1.2631e-007,5.2716e-008,0,0,0,0,0,0,8.1166e-009,1.9448e-008,-1,3.9483,3.2347,0
12.579,93.416,1.6119e-007,4.0319e+006,-1.2631e-007,5.2716e-008,0,0,0,0,0,0,8.1166e-009,1.9448e-008,-1,3.9431,3.2369,0
12.579,93.402,1.6201e-007,4.0732e+006,-1.2631e-007,5.2716e-008,0,0,0,0,0,0,8.1166e-009,1.9448e-008,-1,3.9379,3.2391,0
12.58,93.388,1.6283e-007,4.1145e+006,-1.2631e-007,5.2716e-008,0,0,0,0,0,0,8.1165e-009,1.9448e-008,-1,3.9326,3.2412,0
12.581,93.374,1.6365e-007,4.1558e+006,-1.2631e-007,5.2716e-008,0,0,0,0,0,0,8.1165e-009,1.9448e-008,-1,3.9274,3.2434,0
12.582,93.36,1.6447e-007,4.1972e+006,-1.2631e-007,5.2716e-008,0,0,0,0,0,0,8.1165e-009,1.9448e-008,-1,3.9222,3.2456,0
12.582,93.346,1.653e-007,4.2385e+006,-1.2631e-007,5.2716e-008,0,0,0,0,0,0,8.1166e-009,1.9448e-008,-1,3.917,3.2478,0
12.583,93.332,1.6612e-007,4.2798e+006,-1.2631e-007,5.2716e-008,0,0,0,0,0,0,8.1166e-009,1.9448e-008,-1,3.9118,3.25,0
12.584,93.318,1.6694e-007,4.3212e+006,-1.2631e-007,5.2716e-008,0,0,0,0,0,0,8.1166e-009,1.9448e-008,-1,3.9065,3.2521,0
12.585,93.304,1.6776e-007,4.3625e+006,-1.2631e-007,5.2716e-008,0,0,0,0,0,0,8.1166e-009,1.9448e-008,-1,3.9013,3.2543,0
12.585,93.29,1.6858e-007,4.4038e+006,-1.2631e-007,5.2716e-008,0,0,0,0,0,0,8.1166e-009,1.9448e-008,-1,3.8961,3.2565,0
12.586,93.276,1.694e-007,4.4452e+006,-1.2631e-007,5.2716e-008,0,0,0,0,0,0,8.1166e-009,1.9448e-008,-1,3.8909,3.2587,0
12.587,93.262,1.7022e-007,4.4865e+006,-1.2631e-007,5.2716e-008,0,0,0,0,0,0,8.1165e-009,1.9448e-008,-1,3.8857,3.2609,0
12.588,93.248,1.7104e-007,4.5278e+006,-1.2631e-007,5.2716e-008,0,0,0,0,0,0,8.1161e-009,1.9448e-008,-1,3.8804,3.263,0
12.589,93.234,1.7186e-007,4.5691e+006,-1.2631e-007,5.2716e-008,0,0,0,0,0,0,8.1166e-009,1.9448e-008,-1,3.8752,3.2652,0
12.589,93.22,1.7268e-007,4.6105e+006,-1.2631e-007,5.2716e-008,0,0,0,0,0,0,8.1166e-009,1.9448e-008,-1,3.87,3.2674,0
12.59,93.205,1.735e-007,4.6518e+006,-1.2631e-007,5.2716e-008,0,0,0,0,0,0,8.1166e-009,1.9448e-008,-1,3.8648,3.2696,0
12.591,93.191,1.7432e-007,4.6931e+006,-1.2631e-007,5.2716e-008,0,0,0,0,0,0,8.1166e-009,1.9448e-008,-1,3.8595,3.2717,0
12.592,93.177,1.7514e-007,4.7345e+006,-1.2631e-007,5.2716e-008,0,0,0,0,0,0,8.1166e-009,1.9448e-008,-1,3.8543,3.2739,0
12.592,93.163,1.7596e-007,4.7758e+006,-1.2631e-007,5.2716e-008,0,0,0,0,0,0,8.1166e-009,1.9448e-008,-1,3.8491,3.2761,0
12.593,93.149,1.7678e-007,4.8171e+006,-1.2631e-007,5.2716e-008,0,0,0,0,0,0,8.1166e-009,1.9448e-008,-1,3.8439,3.2783,0
12.594,93.135,1.776e-007,4.8585e+006,-1.2631e-007,5.2716e-008,0,0,0,0,0,0,8.1161e-009,1.9448e-008,-1,3.8387,3.2805,0
12.595,93.121,1.7842e-007,4.8998e+006,-1.2631e-007,5.2716e-008,0,0,0,0,0,0,8.1165e-009,1.9448e-008,-1,3.8334,3.2826,0
12.596,93.107,1.7924e-007,4.9411e+006,-1.2631e-007,5.2716e-008,0,0,0,0,0,0,8.1166e-009,1.9448e-008,-1,3.8282,3.2848,0
12.596,93.093,1.8006e-007,4.9825e+006,-1.2631e-007,5.2716e-008,0,0,0,0,0,0,8.1166e-009,1.9448e-008,-1,3.823,3.287,0
12.597,93.079,1.8089e-007,5.0238e+006,-1.2631e-007,5.2716e-008,0,0,0,0,0,0,8.1166e-009,1.9448e-008,-1,3.8178,3.2892,0
12.598,93.065,1.8171e-007,5.0651e+006,-1.2631e-007,5.2716e-008,0,0,0,0,0,0,8.1166e-009,1.9448e-008,-1,3.8126,3.2914,0
12.599,93.051,1.8253e-007,5.1064e+006,-1.2631e-007,5.2716e-008,0,0,0,0,0,0,8.1166e-009,1.9448e-008,-1,3.8073,3.2935,0
12.599,93.037,1.8335e-007,5.1478e+006,-1.2631e-007,5.2716e-008,0,0,0,0,0,0,8.1166e-009,1.9448e-008,-1,3.8021,3.2957,0
12.6,93.023,1.8417e-007,5.1891e+006,-1.2631e-007,5.2716e-008,0,0,0,0,0,0,8.1161e-009,1.9448e-008,-1,3.7969,3.2979,0
12.601,93.009,1.8499e-007,5.2304e+006,-1.2631e-007,5.2716e-008,0,0,0,0,0,0,8.1165e-009,1.9448e-008,-1,3.7917,3.3001,0
12.602,92.995,1.8581e-007,5.2718e+006,-1.2631e-007,5.2716e-008,0,0,0,0,0,0,8.1166e-009,1.9448e-008,-1,3.7865,3.3022,0
12.603,92.981,1.8663e-007,5.3131e+006,-1.2631e-007,5.2716e-008,0,0,0,0,0,0,8.1166e-009,1.9448e-008,-1,3.7812,3.3044,0
12.603,92.967,1.8745e-007,5.3544e+006,-1.2631e-007,5.2716e-008,0,0,0,0,0,0,8.1166e-009,1.9448e-008,-1,3.776,3.3066,0
12.604,92.953,1.8827e-007,5.3958e+006,-1.2631e-007,5.2716e-008,0,0,0,0,0,0,8.1166e-009,1.9448e-008,-1,3.7708,3.3088,0
12.605,92.939,1.8909e-007,5.4371e+006,-1.2631e-007,5.2716e-008,0,0,0,0,0,0,8.1166e-009,1.9448e-008,-1,3.7656,3.311,0
12.606,92.925,1.8991e-007,5.4784e+006,-1.2631e-007,5.2716e-008,0,0,0,0,0,0,8.1166e-009,1.9448e-008,-1,3.7604,3.3131,0
12.606,92.911,1.9073e-007,5.5197e+006,-1.2631e-007,5.2716e-008,0,0,0,0,0,0,8.1166e-009,1.9448e-008,-1,3.7551,3.3153,0
12.607,92.896,1.9155e-007,5.5611e+006,-1.2631e-007,5.2716e-008,0,0,0,0,0,0,8.1165e-009,1.9448e-008,-1,3.7499,3.3175,0
12.608,92.882,1.9237e-007,5.6024e+006,-1.2631e-007,5.2716e-008,0,0,0,0,0,0,8.1165e-009,1.9448e-008,-1,3.7447,3.3197,0
12.609,92.868,1.9319e-007,5.6437e+006,-1.2631e-007,5.2716e-008,0,0,0,0,0,0,8.1166e-009,1.9448e-008,-1,3.7395,3.3219,0
12.609,92.854,1.9401e-007,5.6851e+006,-1.2631e-007,5.2716e-008,0,0,0,0,0,0,8.1166e-009,1.9448e-008,-1,3.7343,3.324,0
12.61,92.84,1.9483e-007,5.7264e+006,-1.2631e-007,5.2716e-008,0,0,0,0,0,0,8.1166e-009,1.9448e-008,-1,3.729,3.3262,0
12.611,92.826,1.9565e-007,5.7677e+006,-1.2631e-007,5.2716e-008,0,0,0,0,0,0,8.1166e-009,1.9448e-008,-1,3.7238,3.3284,0
12.612,92.812,1.9647e-007,5.8091e+006,-1.2631e-007,5.2716e-008,0,0,0,0,0,0,8.1166e-009,1.9448e-008,-1,3.7186,3.3306,0
12.613,92.798,1.973e-007,5.8504e+006,-1.2631e-007,5.2716e-008,0,0,0,0,0,0,8.1166e-009,1.9448e-008,-1,3.7134,3.3327,0
12.613,92.784,1.9812e-007,5.8917e+006,-1.2631e-007,5.2716e-008,0,0,0,0,0,0,8.1166e-009,1.9448e-008,-1,3.7082,3.3349,0
12.614,92.77,1.9894e-007,5.9331e+006,-1.2631e-007,5.2716e-008,0,0,0,0,0,0,8.1161e-009,1.9448e-008,-1,3.7029,3.3371,0
12.615,92.756,1.9976e-007,5.9744e+006,-1.2631e-007,5.2716e-008,0,0,0,0,0,0,8.1165e-009,1.9448e-008,-1,3.6977,3.3393,0
12.616,92.742,2.0058e-007,6.0157e+006,-1.2631e-007,5.2716e-008,0,0,0,0,0,0,8.1166e-009,1.9448e-008,-1,3.6925,3.3415,0
12.616,92.728,2.014e-007,6.057e+006,-1.2631e-007,5.2716e-008,0,0,0,0,0,0,8.1166e-009,1.9448e-008,-1,3.6873,3.3436,0
12.617,92.714,2.0222e-007,6.0984e+006,-1.2631e-007,5.2716e-008,0,0,0,0,0,0,8.1166e-009,1.9448e-008,-1,3.6821,3.3458,0
12.618,92.7,2.0304e-007,6.1397e+006,-1.2631e-007,5.2716e-008,0,0,0,0,0,0,8.1166e-009,1.9448e-008,-1,3.6768,3.348,0
12.619,92.686,2.0386e-007,6.181e+006,-1.2631e-007,5.2716e-008,0,0,0,0,0,0,8.1166e-009,1.9448e-008,-1,3.6716,3.3502,0
12.62,92.672,2.0468e-007,6.2224e+006,-1.2631e-007,5.2716e-008,0,0,0,0,0,0,8.1166e-009,1.9448e-008,-1,3.6664,3.3524,0
12.62,92.658,2.055e-007,6.2637e+006,-1.2631e-007,5.2716e-008,0,0,0,0,0,0,8.1161e-009,1.9448e-008,-1,3.6612,3.3545,0
12.621,92.644,2.0632e-007,6.305e+006,-1.2631e-007,5.2716e-008,0,0,0,0,0,0,8.1165e-009,1.9448e-008,-1,3.656,3.3567,0
12.622,92.63,2.0714e-007,6.3464e+006,-1.2631e-007,5.2716e-008,0,0,0,0,0,0,8.1166e-009,1.9448e-008,-1,3.6507,3.3589,0
12.623,92.616,2.0796e-007,6.3877e+006,-1.2631e-007,5.2716e-008,0,0,0,0,0,0,8.1166e-009,1.9448e-008,-1,3.6455,3.3611,0
12.623,92.602,2.0878e-007,6.429e+006,-1.2631e-007,5.2716e-008,0,0,0,0,0,0,8.1166e-009,1.9448e-008,-1,3.6403,3.3633,0
12.624,92.587,2.096e-007,6.4704e+006,-1.2631e-007,5.2716e-008,0,0,0,0,0,0,8.1166e-009,1.9448e-008,-1,3.6351,3.3654,0
12.625,92.573,2.1042e-007,6.5117e+006,-1.2631e-007,5.2716e-008,0,0,0,0,0,0,8.1166e-009,1.9448e-008,-1,3.6298,3.3676,0
12.626,92.559,2.1124e-007,6.553e+006,-1.2631e-007,5.2716e-008,0,0,0,0,0,0,8.1166e-009,1.9448e-008,-1,3.6246,3.3698,0
12.627,92.545,2.1206e-007,6.5943e+006,-1.2631e-007,5.2716e-008,0,0,0,0,0,0,8.1166e-009,1.9448e-008,-1,3.6194,3.372,0
12.627,92.531,2.1289e-007,6.6357e+006,-1.2631e-007,5.2716e-008,0,0,0,0,0,0,8.1165e-009,1.9448e-008,-1,3.6142,3.3741,0
12.628,92.517,2.1371e-007,6.677e+006,-1.2631e-007,5.2716e-008,0,0,0,0,0,0,8.1165e-009,1.9448e-008,-1,3.609,3.3763,0
12.629,92.503,2.1453e-007,6.7183e+006,-1.2631e-007,5.2716e-008,0,0,0,0,0,0,8.2231e-009,1.9403e-008,-1,3.6037,3.3785,0
12.63,92.488,2.1538e-007,6.7597e+006,-1.1395e-007,5.2716e-008,0,0,0,0,0,0,8.5896e-009,1.9243e-008,-1,3.5986,3.3807,0
12.665,91.656,2.6198e-007,9.0124e+006,-1.1395e-007,5.2716e-008,0,0,0,0,0,0,8.4545e-009,1.9303e-008,-1,3.3418,3.4995,0
12.7,90.923,2.9871e-007,1.1265e+007,-1.0878e-007,4.4717e-008,0,0,0,0,0,0,8.0349e-009,1.9482e-008,-1,3.0806,3.6076,0
12.733,90.18,2.5233e-007,1.367e+007,-1.0878e-007,4.4717e-008,0,0,0,0,0,0,8.3581e-009,1.9345e-008,-1,2.819,3.7152,0
12.764,89.319,2.0562e-007,1.6075e+007,-1.0436e-007,3.7993e-008,0,0,0,0,0,0,8.0591e-009,1.9472e-008,-1,2.5614,3.8319,0
12.794,88.628,1.6159e-007,1.8622e+007,-9.4053e-008,3.7993e-008,0,0,0,0,0,0,7.5551e-009,1.9673e-008,-1,2.2966,3.9313,0
12.823,87.88,1.4476e-007,2.141e+007,-9.4053e-008,3.4347e-008,0,0,0,0,0,0,7.3238e-009,1.976e-008,-1,2.0334,4.0347,0
12.849,87.216,1.8284e-007,2.4235e+007,-9.1125e-008,2.7282e-008,0,0,0,0,0,0,6.5842e-009,2.0018e-008,-1,1.7666,4.1278,0
12.875,86.64,2.1776e-007,2.7208e+007,-8.1881e-008,2.7282e-008,0,0,0,0,0,0,6.1625e-009,2.0152e-008,-1,1.4964,4.2113,0
12.9,86.071,2.4854e-007,3.0485e+007,-8.8816e-008,2.0346e-008,0,0,0,0,0,0,5.6185e-009,2.0311e-008,-1,1.2259,4.2931,0
12.924,85.619,2.7002e-007,3.359e+007,-8.0266e-008,2.0346e-008,0,0,0,0,0,0,4.3513e-009,2.0619e-008,-1,0.9516,4.362,0
12.947,85.372,2.7745e-007,3.7005e+007,-7.92e-008,7.2684e-009,0,0,0,0,0,0,2.7472e-009,2.0894e-008,-1,0.67369,4.4097,0
12.969,85.338,2.663e-007,4.0562e+007,-7.1401e-008,7.2684e-009,0,0,0,0,0,0,1.0683e-009,2.1046e-008,-1,0.39203,4.4356,0
12.991,85.53,2.5719e-007,4.4503e+007,-7.867e-008,0,0,0,0,0,0,0,1.0683e-009,2.1046e-008,-1,0.10933,4.4384,0
12.346,83.463,1.6772e-007,0,-1.5597e-007,1.0399e-007,0,0,0,0,0,0,0,0,-1,6,4,0
12.4,82.397,2.4205e-007,1.5088e+006,-1.5597e-007,1.0719e-007,0,0,0,0,0,0,0,0,-1,5.7669,4.1602,0
12.452,81.274,3.1635e-007,3.0034e+006,-1.3612e-007,1.0719e-007,0,0,0,0,0,0,0,0,-1,5.537,4.3247,0
12.501,80.012,3.0119e-007,4.6358e+006,-1.3612e-007,1.0775e-007,0,0,0,0,0,0,0,0,-1,5.315,4.4999,0
12.548,78.646,2.1826e-007,6.2651e+006,-1.1667e-007,1.0775e-007,0,0,0,0,0,0,0,0,-1,5.1002,4.6837,0
12.593,77.18,2.0545e-007,8.0461e+006,-1.1667e-007,1.0581e-007,0,0,0,0,0,0,0,0,-1,4.8919,4.875,0
12.635,75.617,3.0059e-007,9.8419e+006,-9.8005e-008,1.0581e-007,0,0,0,0,0,0,0,0,-1,4.691,5.0738,0
12.676,73.958,3.1901e-007,1.1803e+007,-9.8005e-008,1.0167e-007,0,0,0,0,0,0,0,0,-1,4.4976,5.2802,0
12.714,72.213,2.1618e-007,1.3806e+007,-8.0408e-008,1.0167e-007,0,0,0,0,0,0,0,0,-1,4.3118,5.4929,0
12.75,70.381,2.2717e-007,1.5988e+007,-8.0408e-008,9.5668e-008,0,0,0,0,0,0,0,0,-1,4.133,5.7121,0
12.785,68.509,3.4604e-007,1.8251e+007,-6.4038e-008,9.5668e-008,0,0,0,0,0,0,0,0,-1,3.9582,5.934,0
12.816,66.527,2.9175e-007,2.0708e+007,-6.4038e-008,8.8167e-008,0,0,0,0,0,0,0,0,-1,3.7928,6.1634,0
12.847,64.486,1.654e-007,2.3304e+007,-5.2094e-008,1.0011e-007,0,0,0,0,0,0,0,0,-1,3.6369,6.3986,0
12.848,64.443,1.6665e-007,2.3354e+007,-5.2094e-008,9.131e-008,0,0,0,0,0,0,0,0,-1,3.6341,6.4036,0
12.848,64.4,1.6937e-007,2.3408e+007,-5.2094e-008,9.131e-008,0,0,0,0,0,0,0,0,-1,3.6313,6.4085,0
12.849,64.357,1.7209e-007,2.3461e+007,-5.2094e-008,9.131e-008,0,0,0,0,0,0,0,0,-1,3.6285,6.4134,0
12.85,64.314,1.7482e-007,2.3515e+007,-5.2094e-008,9.131e-008,0,0,0,0,0,0,0,0,-1,3.6257,6.4183,0
12.85,64.27,1.7754e-007,2.3569e+007,-5.2094e-008,9.131e-008,0,0,0,0,0,0,0,0,-1,3.6229,6.4232,0
12.851,64.227,1.8027e-007,2.3623e+007,-5.2094e-008,9.131e-008,0,0,0,0,0,0,0,0,-1,3.6201,6.4281,0
12.851,64.184,1.8299e-007,2.3677e+007,-5.2094e-008,9.131e-008,0,0,0,0,0,0,0,0,-1,3.6173,6.433,0
12.852,64.141,1.8571e-007,2.3731e+007,-5.2094e-008,9.131e-008,0,0,0,0,0,0,0,0,-1,3.6145,6.438,0
12.853,64.098,1.8844e-007,2.3784e+007,-5.2094e-008,9.131e-008,0,0,0,0,0,0,0,0,-1,3.6117,6.4429,0
12.853,64.055,1.9116e-007,2.3838e+007,-5.2094e-008,9.131e-008,0,0,0,0,0,0,0,0,-1,3.6089,6.4478,0
12.854,64.011,1.9389e-007,2.3892e+007,-5.2094e-008,9.131e-008,0,0,0,0,0,0,0,0,-1,3.6061,6.4527,0
12.854,63.968,1.9661e-007,2.3946e+007,-5.2094e-008,9.131e-008,0,0,0,0,0,0,0,0,-1,3.6033,6.4576,0
12.855,63.925,1.9934e-007,2.4e+007,-5.2094e-008,9.131e-008,0,0,0,0,0,0,0,0,-1,3.6005,6.4625,0
12.856,63.879,2.0236e-007,2.4053e+007,-3.7164e-008,9.131e-008,0,0,0,0,0,0,0,0,-1,3.5983,6.4677,0
12.883,61.538,3.5591e-007,2.6922e+007,-3.7164e-008,9.131e-008,0,0,0,0,0,0,0,0,-1,3.4917,6.7297,0
12.91,59.22,2.9276e-007,2.9792e+007,-3.7164e-008,8.1568e-008,0,0,0,0,0,0,0,0,-1,3.3754,6.9875,0
12.936,56.773,2.1499e-007,3.2947e+007,-2.4995e-008,8.296e-008,0,0,0,0,0,0,0,0,-1,3.2957,7.2586,0
12.96,54.309,3.957e-007,3.6211e+007,-2.4995e-008,8.296e-008,0,0,0,0,0,0,0,0,-1,3.2141,7.5294,0
12.984,51.738,3.0933e-007,3.9476e+007,0,8.3664e-008,0,0,0,0,0,0,0,0,-1,3.1973,7.8104,0
12.226,72.264,1.5036e-007,0,-1.8419e-007,1.9149e-007,0,0,0,0,0,0,0,0,-1,7.5,5,0
12.302,70.978,9.9896e-008,1.0645e+006,-1.8419e-007,1.9739e-007,0,0,0,0,0,0,0,0,-1,7.3039,5.2038,0
12.375,69.552,1.5992e-007,2.1122e+006,-1.4997e-007,1.9739e-007,0,0,0,0,0,0,1.1633e-008,9.3128e-009,-1,7.1219,5.4198,0
12.445,68.002,1.9535e-007,3.2531e+006,-1.4997e-007,1.9713e-007,0,0,0,0,0,0,1.1862e-008,9.0193e-009,-1,6.9507,5.645,0
12.515,66.444,1.3105e-007,4.395e+006,-1.1718e-007,1.9713e-007,0,0,0,0,0,0,1.2328e-008,8.3706e-009,-1,6.7795,5.8701,0
12.579,64.665,1.3089e-007,5.6284e+006,-1.1718e-007,1.9156e-007,0,0,0,0,0,0,1.2957e-008,7.3586e-009,-1,6.6334,6.1123,0
12.643,62.819,2.0626e-007,6.888e+006,-9.7356e-008,2.1138e-007,0,0,0,0,0,0,1.3415e-008,6.4869e-009,-1,6.5005,6.3614,0
12.707,60.862,1.4603e-007,8.1033e+006,-6.7047e-008,2.0187e-007,0,0,0,0,0,0,1.9658e-008,7.5923e-009,-1,6.3878,6.6204,0
12.766,58.773,1.1582e-007,9.433e+006,-6.7047e-008,1.8867e-007,0,0,0,0,0,0,2.483e-008,7.0432e-009,-1,6.297,6.8882,0
12.826,56.623,2.1463e-007,1.0846e+007,-4.5586e-008,2.1013e-007,0,0,0,0,0,0,2.5142e-008,5.8318e-009,-1,6.2337,7.1637,0
12.883,54.439,1.475e-007,1.2161e+007,-2.307e-008,2.1592e-007,0,0,0,0,0,0,2.5434e-008,4.3865e-009,-1,6.1692,7.4391,0
12.942,52.219,1.309e-007,1.3464e+007,-2.307e-008,1.9584e-007,0,0,0,0,0,0,2.5434e-008,4.3865e-009,-1,6.1377,7.7201,0
12.135,61.346,1.018e-007,0,-2.6858e-007,3.1477e-007,0,0,0,0,0,0,0,0,-1,9,6,0
12.256,60.353,1.9141e-007,6.8356e+005,-2.6858e-007,3.3706e-007,0,0,0,0,0,0,0,0,-1,8.8237,6.2212,0
12.369,59.065,2.3753e-007,1.3398e+006,-1.997e-007,3.3968e-007,0,0,0,0,0,0,0,0,-1,8.6767,6.4625,0
12.482,57.712,1.3697e-007,2.0577e+006,-1.6203e-007,3.7735e-007,0,0,0,0,0,0,0,0,-1,8.5425,6.711,0
12.597,56.263,1.7244e-007,2.7464e+006,-1.6203e-007,3.669e-007,0,0,0,0,0,0,0,0,-1,8.4296,6.9703,0
12.704,54.647,2.5228e-007,3.4516e+006,-9.441e-008,3.4171e-007,0,0,0,0,0,0,0,0,-1,8.3456,7.2395,0
12.814,52.945,1.3216e-007,4.2494e+006,-4.8705e-008,3.8742e-007,0,0,0,0,0,0,0,0,-1,8.3064,7.5194,0
12.92,51.201,1.9929e-007,4.9738e+006,0,3.9853e-007,0,0,0,0,0,0,0,0,-1,8.279,7.8004,0
12.077,50.774,2.2117e-007,0,-5.7305e-007,6.8761e-007,0,0,0,0,0,0,0,0,-1,10.5,7,0
12.316,50.8,3.0975e-007,3.1599e+005,-3.4404e-007,7.0559e-007,0,0,0,0,0,0,0,0,-1,10.347,7.2355,0
12.559,50.504,1.6114e-007,6.763e+005,-2.0093e-007,8.487e-007,0,0,0,0,0,0,0,0,-1,10.276,7.5086,0
12.791,50.082,2.1703e-007,1.0006e+006,-2.0093e-007,7.6985e-007,0,0,0,0,0,0,0,0,-1,10.208,7.7831,0
10.5,25,4.0776e-007,0,-6.25e-006,0,0,0,0,0,0,0,0,1,0,12,8,0
12.268,42.678,3.9762e-007,45255,-6.25e-006,0,0,0,0,0,0,0,0,1,0,11.717,8,0
13,130,1.1861e-007,0,-1.1861e-007,0,0,0,0,0,0,0,0,1,0,0,0,0
12.966,129.66,1.1837e-007,-2.3847e+006,-1.1861e-007,0,0,0,0,0,0,0,0,1,0,0.28284,0,0
12.823,118.23,1.7826e-007,0,-1.196e-007,6.8113e-009,0,0,0,0,0,0,0,0,-1,1.5,1,0
12.788,118.04,1.7334e-007,-2.3611e+006,-1.2403e-007,6.8113e-009,0,0,0,0,0,0,0,0,-1,1.7824,0.9842,0
12.753,117.88,1.7332e-007,-4.638e+006,-1.2745e-007,8.5393e-009,0,0,0,0,0,0,0,0,-1,2.0646,0.96514,0
12.717,117.72,1.6886e-007,-6.8524e+006,-1.257e-007,1.0281e-008,0,0,0,0,0,0,0,0,-1,2.3467,0.94504,0
12.68,117.57,1.6162e-007,-9.0949e+006,-1.3155e-007,1.0281e-008,0,0,0,0,0,0,0,0,-1,2.6287,0.9229,0
12.643,117.45,1.5781e-007,-1.1238e+007,-1.3636e-007,1.2035e-008,0,0,0,0,0,0,0,0,-1,2.9104,0.89755,0
12.604,117.32,1.5163e-007,-1.3305e+007,-1.346e-007,1.3798e-008,0,0,0,0,0,0,0,0,-1,3.192,0.87153,0
12.598,117.31,1.5017e-007,-1.3629e+007,-1.4188e-007,1.3798e-008,0,0,0,0,0,0,0,0,-1,3.2357,0.86726,0
12.557,117.18,1.4065e-007,-1.5613e+007,-1.4188e-007,1.3798e-008,0,0,0,0,0,0,0,0,-1,3.5172,0.83988,0
12.516,117.05,1.3386e-007,-1.7597e+007,-1.4811e-007,1.5565e-008,0,0,0,0,0,0,1.4309e-009,1.4832e-008,-1,3.7986,0.81053,0
12.473,116.88,1.3746e-007,-1.9496e+007,-1.5505e-007,1.1425e-008,0,0,0,0,0,0,1.7046e-009,2.1004e-008,-1,4.0803,0.78557,0
12.429,116.65,1.4382e-007,-2.1316e+007,-1.5505e-007,1.1425e-008,0,0,0,0,0,0,1.5748e-009,2.1015e-008,-1,4.3623,0.76478,0
12.383,116.4,1.5381e-007,-2.3135e+007,-1.627e-007,1.244e-008,0,0,0,0,0,0,1.6006e-009,2.1013e-008,-1,4.6444,0.74329,0
12.336,116.14,1.6503e-007,-2.4868e+007,-1.7103e-007,1.3416e-008,0,0,0,0,0,0,1.6241e-009,2.1011e-008,-1,4.9264,0.72181,0
12.288,115.88,1.7221e-007,-2.6517e+007,-1.8096e-007,1.3416e-008,0,0,0,0,0,0,1.6316e-009,2.101e-008,-1,5.2084,0.6997,0
12.236,115.58,1.8275e-007,-2.8076e+007,-1.8004e-007,1.4335e-008,0,0,0,0,0,0,1.6211e-009,2.1011e-008,-1,5.4904,0.67802,0
12.184,115.27,1.9542e-007,-2.9642e+007,-1.8968e-007,1.5177e-008,0,0,0,0,0,0,1.6406e-009,2.1009e-008,-1,5.7724,0.65618,0
12.129,114.95,2.0305e-007,-3.1128e+007,-2.0065e-007,1.5177e-008,0,0,0,0,0,0,1.6426e-009,2.1009e-008,-1,6.0543,0.63398,0
12.072,114.6,2.139e-007,-3.2534e+007,-1.9992e-007,1.5914e-008,0,0,0,0,0,0,1.6112e-009,2.1012e-008,-1,6.3363,0.61209,0
12.013,114.22,2.2712e-007,-3.3944e+007,-2.1067e-007,1.6518e-008,0,0,0,0,0,0,1.9682e-009,2.5734e-008,-1,6.6184,0.59073,0
11.952,113.83,2.3495e-007,-3.5283e+007,-2.2231e-007,1.6518e-008,0,0,0,0,0,0,2.5346e-009,3.3223e-008,-1,6.9004,0.56895,0
11.889,113.41,2.4569e-007,-3.6551e+007,-2.2187e-007,1.6954e-008,0,0,0,0,0,0,2.6991e-009,3.64e-008,-1,7.1824,0.5477,0
11.823,112.96,2.584e-007,-3.7823e+007,-2.3363e-007,1.6954e-008,0,0,0,0,0,0,2.666e-009,3.6403e-008,-1,7.4645,0.52712,0
11.793,112.75,2.6182e-007,-3.837e+007,-2.334e-007,1.7186e-008,0,0,0,0,0,0,2.621e-009,3.6406e-008,-1,7.5924,0.51771,0
11.778,112.65,2.6351e-007,-3.8632e+007,-2.4512e-007,1.7186e-008,0,0,0,0,0,0,2.5591e-009,3.641e-008,-1,7.6537,0.5134,0
11.709,112.15,2.7201e-007,-3.9784e+007,-2.4513e-007,1.7176e-008,0,0,0,0,0,0,2.5009e-009,3.6414e-008,-1,7.9358,0.49362,0
11.637,111.62,2.8355e-007,-4.0935e+007,-2.566e-007,1.7176e-008,0,0,0,0,0,0,2.4183e-009,3.642e-008,-1,8.218,0.47464,0
11.563,111.07,2.9216e-007,-4.2034e+007,-2.6789e-007,1.6888e-008,0,0,0,0,0,0,2.3421e-009,3.6425e-008,-1,8.5003,0.45614,0
11.487,110.48,2.998e-007,-4.3088e+007,-2.6849e-007,1.6287e-008,0,0,0,0,0,0,2.2165e-009,3.6433e-008,-1,8.7826,0.43834,0
11.46,110.27,3.0309e-007,-4.3445e+007,-2.7879e-007,1.6287e-008,0,0,0,0,0,0,2.1327e-009,3.6438e-008,-1,8.8783,0.43273,0
11.381,109.65,3.1215e-007,-4.4457e+007,-2.7879e-007,1.6287e-008,0,0,0,0,0,0,2.0544e-009,3.6442e-008,-1,9.1606,0.41623,0
11.355,109.44,3.1433e-007,-4.4788e+007,-2.8906e-007,1.5347e-008,0,0,0,0,0,0,1.7628e-009,3.6458e-008,-1,9.2528,0.41122,0
11.273,108.74,3.1877e-007,-4.5765e+007,-2.8906e-007,4.645e-009,0,0,0,0,0,0,1.0275e-009,3.6486e-008,-1,9.5354,0.39925,0
11.189,107.94,3.1896e-007,-4.6744e+007,-2.9846e-007,4.0961e-009,0,0,0,0,0,0,4.9175e-010,3.6497e-008,-1,9.8182,0.3953,0
11.104,107.12,3.1926e-007,-4.7691e+007,-3.0677e-007,3.4355e-009,0,0,0,0,0,0,4.4149e-010,3.6498e-008,-1,10.101,0.39163,0
11.017,106.29,3.1878e-007,-4.8613e+007,-3.0677e-007,3.4355e-009,0,0,0,0,0,0,4.0669e-010,3.6498e-008,-1,10.384,0.38846,0
11.009,106.21,3.187e-007,-4.8701e+007,-3.1298e-007,3.4355e-009,0,0,0,0,0,0,3.623e-010,3.6498e-008,-1,10.411,0.38816,0
10.996,106.09,3.1867e-007,-4.8828e+007,-3.1374e-007,2.6748e-009,0,0,0,0,0,0,3.1556e-010,3.6499e-008,-1,10.451,0.38781,0
10.908,105.22,3.1848e-007,-4.9729e+007,-3.1374e-007,2.6748e-009,0,0,0,0,0,0,2.6533e-010,3.6499e-008,-1,10.733,0.3854,0
10.818,104.34,3.189e-007,-5.0631e+007,-3.1917e-007,1.8322e-009,0,0,0,0,0,0,1.9943e-010,3.65e-008,-1,11.016,0.3837,0
10.727,103.45,2.7685e-007,-5.1517e+007,-3.2289e-007,9.3125e-010,0,0,0,0,0,0,1.4233e-010,3.65e-008,-1,11.299,0.38231,0
10.636,102.54,1.3097e-007,-5.2393e+007,-3.2289e-007,9.3125e-010,0,0,0,0,0,0,1.0519e-010,3.65e-008,-1,11.582,0.3815,0
10.625,102.44,1.2201e-007,-5.2495e+007,-3.2386e-007,9.3125e-010,0,0,0,0,0,0,5.7697e-011,3.65e-008,-1,11.615,0.3814,0
10.6,102.18,1.2193e-007,-5.2736e+007,-3.2479e-007,0,0,0,0,0,0,0,5.1433e-012,3.65e-008,-1,11.693,0.38138,0
10.508,101.26,1.2121e-007,-5.3607e+007,-3.2479e-007,0,0,0,0,0,0,0,5.1433e-012,3.65e-008,-1,11.976,0.38138,0
12.651,106.51,2.7043e-007,0,-1.2893e-007,2.4819e-008,0,0,0,0,0,0,0,0,-1,3,2,0
12.613,106.66,2.5307e-007,-2.1543e+006,-1.3441e-007,2.8037e-008,0,0,0,0,0,0,0,0,-1,3.2779,1.9475,0
12.574,106.85,2.3837e-007,-4.2143e+006,-1.3441e-007,2.8037e-008,0,0,0,0,0,0,0,0,-1,3.5548,1.8897,0
12.534,107,2.2117e-007,-6.2742e+006,-1.4064e-007,3.1262e-008,0,0,0,0,0,0,0,0,-1,3.8319,1.8332,0
12.492,107.19,1.994e-007,-8.2374e+006,-1.5084e-007,3.1262e-008,0,0,0,0,0,0,0,0,-1,4.1083,1.7729,0
12.448,107.36,1.7873e-007,-1.0073e+007,-1.4763e-007,3.4474e-008,0,0,0,0,0,0,0,0,-1,4.3845,1.7121,0
12.403,107.51,1.6017e-007,-1.1939e+007,-1.5857e-007,3.4474e-008,0,0,0,0,0,0,0,0,-1,4.6608,1.6516,0
12.356,107.62,1.4451e-007,-1.3682e+007,-1.6704e-007,3.1518e-008,0,0,0,0,0,0,0,0,-1,4.9375,1.5933,0
12.307,107.67,1.6299e-007,-1.5346e+007,-1.7848e-007,3.1518e-008,0,0,0,0,0,0,0,0,-1,5.2154,1.5408,0
12.257,107.69,1.8649e-007,-1.6907e+007,-1.7625e-007,3.3748e-008,0,0,0,0,0,0,2.7489e-009,1.4645e-008,-1,5.4933,1.488,0
12.204,107.67,2.1017e-007,-1.8483e+007,-1.8619e-007,3.5813e-008,0,0,0,0,0,0,4.747e-009,2.5369e-008,-1,5.7714,1.4365,0
12.149,107.66,2.2934e-007,-1.9975e+007,-1.9865e-007,3.5813e-008,0,0,0,0,0,0,5.4542e-009,2.9299e-008,-1,6.0493,1.384,0
12.093,107.6,2.5083e-007,-2.1376e+007,-1.9681e-007,3.7651e-008,0,0,0,0,0,0,5.3394e-009,2.932e-008,-1,6.3275,1.3329,0
12.033,107.51,2.7397e-007,-2.2787e+007,-2.0963e-007,3.7651e-008,0,0,0,0,0,0,5.301e-009,2.9327e-008,-1,6.6058,1.2826,0
11.972,107.4,2.951e-007,-2.4115e+007,-2.2111e-007,3.9191e-008,0,0,0,0,0,0,5.0506e-009,2.9371e-008,-1,6.8842,1.2323,0
11.909,107.22,3.0372e-007,-2.5375e+007,-2.2111e-007,2.8483e-008,0,0,0,0,0,0,4.2425e-009,2.9499e-008,-1,7.1633,1.1868,0
11.843,106.91,2.9289e-007,-2.6644e+007,-2.3297e-007,2.8912e-008,0,0,0,0,0,0,3.6327e-009,2.958e-008,-1,7.4439,1.1518,0
11.775,106.57,2.8338e-007,-2.7848e+007,-2.451e-007,2.8937e-008,0,0,0,0,0,0,3.5379e-009,2.9592e-008,-1,7.7247,1.1178,0
11.705,106.2,2.7229e-007,-2.8994e+007,-2.5689e-007,2.8937e-008,0,0,0,0,0,0,3.401e-009,2.9608e-008,-1,8.0056,1.0847,0
11.632,105.78,2.6113e-007,-3.0089e+007,-2.5733e-007,2.8493e-008,0,0,0,0,0,0,3.2602e-009,2.9623e-008,-1,8.2867,1.0533,0
11.557,105.34,2.5401e-007,-3.1181e+007,-2.6849e-007,2.8493e-008,0,0,0,0,0,0,3.126e-009,2.9638e-008,-1,8.5679,1.0228,0
11.542,105.25,2.5244e-007,-3.1382e+007,-2.6947e-007,2.7521e-008,0,0,0,0,0,0,3.0178e-009,2.9649e-008,-1,8.622,1.0172,0
11.464,104.75,2.427e-007,-3.2427e+007,-2.7973e-007,2.7521e-008,0,0,0,0,0,0,2.9127e-009,2.966e-008,-1,8.9034,0.9888,0
11.385,104.23,2.3281e-007,-3.3433e+007,-2.8128e-007,2.5972e-008,0,0,0,0,0,0,2.7464e-009,2.9676e-008,-1,9.185,0.96195,0
11.362,104.07,2.3178e-007,-3.3704e+007,-2.9035e-007,2.5972e-008,0,0,0,0,0,0,2.6252e-009,2.9686e-008,-1,9.2611,0.95512,0
11.28,103.49,2.2813e-007,-3.4674e+007,-2.9251e-007,2.3816e-008,0,0,0,0,0,0,2.7674e-009,3.3205e-008,-1,9.5429,0.93057,0
11.195,102.87,2.1996e-007,-3.5638e+007,-3.0012e-007,2.3816e-008,0,0,0,0,0,0,2.9412e-009,3.9315e-008,-1,9.8249,0.90814,0
11.109,102.2,2.1526e-007,-3.6577e+007,-3.0876e-007,2.1045e-008,0,0,0,0,0,0,2.8363e-009,4.2051e-008,-1,10.107,0.88837,0
11.021,101.51,2.1491e-007,-3.7491e+007,-3.1212e-007,1.7684e-008,0,0,0,0,0,0,2.5422e-009,4.207e-008,-1,10.389,0.87007,0
10.932,100.77,2.0906e-007,-3.8396e+007,-3.1604e-007,1.7684e-008,0,0,0,0,0,0,2.1102e-009,4.2094e-008,-1,10.672,0.85425,0
10.841,99.992,1.8688e-007,-3.9289e+007,-3.2172e-007,1.379e-008,0,0,0,0,0,0,1.7498e-009,4.2111e-008,-1,10.954,0.84175,0
10.75,99.188,1.9458e-007,-4.0168e+007,-3.2563e-007,9.4568e-009,0,0,0,0,0,0,1.5169e-009,4.4678e-008,-1,11.237,0.83076,0
10.657,98.349,1.9586e-007,-4.1036e+007,-3.2563e-007,9.4568e-009,0,0,0,0,0,0,1.063e-009,4.711e-008,-1,11.52,0.82255,0
10.565,97.468,2.0256e-007,-4.1904e+007,-3.2761e-007,4.8101e-009,0,0,0,0,0,0,1.063e-009,4.711e-008,-1,11.802,0.818,0
12.49,94.898,2.2531e-007,0,-1.4666e-007,5.7847e-008,0,0,0,0,0,0,0,0,1,4.5,3,0
12.446,95.529,2.7161e-007,-1.794e+006,-1.41e-007,6.3511e-008,0,0,0,0,0,0,0,0,1,4.7616,2.8926,0
12.399,96.123,3.0555e-007,-3.6231e+006,-1.5535e-007,5.9552e-008,0,0,0,0,0,0,0,0,1,5.0237,2.7864,0
12.35,96.631,2.6841e-007,-5.3232e+006,-1.6955e-007,5.9552e-008,0,0,0,0,0,0,0,0,1,5.2886,2.6873,0
12.3,97.146,2.3022e-007,-6.8971e+006,-1.6495e-007,6.4157e-008,0,0,0,0,0,0,0,0,1,5.5525,2.5856,0
12.247,97.57,1.9069e-007,-8.4952e+006,-1.799e-007,6.4157e-008,0,0,0,0,0,0,0,0,1,5.8186,2.4899,0
12.192,97.989,1.5789e-007,-9.9761e+006,-1.911e-007,6.057e-008,0,0,0,0,0,0,4.8026e-009,1.4106e-008,1,6.0844,2.3931,0
12.135,98.277,1.9655e-007,-1.1387e+007,-1.911e-007,6.057e-008,0,0,0,0,0,0,6.2248e-009,2.0133e-008,1,6.354,2.3076,0
12.075,98.494,2.2965e-007,-1.2798e+007,-2.0317e-007,6.3375e-008,0,0,0,0,0,0,6.1211e-009,2.0165e-008,1,6.6248,2.226,0
12.014,98.704,2.6177e-007,-1.4127e+007,-2.183e-007,6.3375e-008,0,0,0,0,0,0,7.4143e-009,2.4722e-008,1,6.8953,2.1433,0
11.95,98.86,2.9579e-007,-1.5371e+007,-2.1605e-007,6.5624e-008,0,0,0,0,0,0,9.056e-009,3.2066e-008,1,7.1666,2.0635,0
11.882,98.926,3.1715e-007,-1.6624e+007,-2.3124e-007,5.3738e-008,0,0,0,0,0,0,8.7998e-009,3.5424e-008,1,7.4396,1.9896,0
11.813,98.863,2.952e-007,-1.7815e+007,-2.4466e-007,5.4058e-008,0,0,0,0,0,0,7.9662e-009,3.562e-008,1,7.7154,1.9272,0
11.743,98.765,2.7461e-007,-1.8944e+007,-2.4466e-007,5.4058e-008,0,0,0,0,0,0,7.6882e-009,3.5681e-008,1,7.9916,1.8662,0
11.668,98.601,2.5156e-007,-2.0073e+007,-2.5842e-007,5.3514e-008,0,0,0,0,0,0,7.3706e-009,3.5748e-008,1,8.2684,1.808,0
11.592,98.398,2.3354e-007,-2.1145e+007,-2.7076e-007,5.3514e-008,0,0,0,0,0,0,7.6689e-009,3.8672e-008,1,8.5456,1.7519,0
11.513,98.152,2.1782e-007,-2.2169e+007,-2.834e-007,5.1974e-008,0,0,0,0,0,0,7.8201e-009,4.1415e-008,1,8.8233,1.698,0
11.432,97.848,1.979e-007,-2.3151e+007,-2.834e-007,5.1974e-008,0,0,0,0,0,0,7.3482e-009,4.1501e-008,1,9.1015,1.647,0
11.348,97.487,1.853e-007,-2.4133e+007,-2.9552e-007,3.4195e-008,0,0,0,0,0,0,5.9543e-009,4.1724e-008,1,9.3803,1.5994,0
11.263,96.963,2.021e-007,-2.5084e+007,-3.068e-007,3.0281e-008,0,0,0,0,0,0,4.4755e-009,4.1909e-008,1,9.6613,1.5671,0
11.176,96.369,2.106e-007,-2.6001e+007,-3.068e-007,3.0281e-008,0,0,0,0,0,0,3.936e-009,4.1963e-008,1,9.9428,1.5393,0
11.087,95.729,2.2348e-007,-2.6918e+007,-3.1691e-007,2.5494e-008,0,0,0,0,0,0,3.5512e-009,4.1997e-008,1,10.224,1.5143,0
10.997,95.052,1.7972e-007,-2.7808e+007,-3.1993e-007,2.5494e-008,0,0,0,0,0,0,3.0099e-009,4.2039e-008,1,10.506,1.4916,0
10.993,95.021,1.7851e-007,-2.7845e+007,-3.2552e-007,1.9912e-008,0,0,0,0,0,0,2.6113e-009,4.2066e-008,1,10.518,1.4909,0
10.901,94.272,1.7415e-007,-2.8712e+007,-3.2606e-007,1.9912e-008,0,0,0,0,0,0,2.3624e-009,4.2081e-008,1,10.801,1.4736,0
10.808,93.483,1.748e-007,-2.9578e+007,-3.323e-007,1.3672e-008,0,0,0,0,0,0,1.9447e-009,4.2102e-008,1,11.083,1.4592,0
10.714,92.662,1.7633e-007,-3.0428e+007,-3.3698e-007,6.9596e-009,0,0,0,0,0,0,1.3059e-009,4.2127e-008,1,11.366,1.4475,0
10.619,91.769,1.7424e-007,-3.1268e+007,-3.3242e-007,6.9596e-009,0,0,0,0,0,0,6.5763e-010,4.2142e-008,1,11.648,1.4417,0
10.523,90.847,1.7823e-007,-3.2118e+007,-3.3938e-007,0,0,0,0,0,0,0,6.5763e-010,4.2142e-008,1,11.931,1.4387,0
12.346,83.463,1.6772e-007,0,-1.5597e-007,1.0399e-007,0,0,0,0,0,0,0,0,1,6,4,0
12.289,84.455,2.3799e-007,-1.5088e+006,-1.6822e-007,1.1152e-007,0,0,0,0,0,0,0,0,1,6.2357,3.8437,0
12.231,85.396,3.0385e-007,-2.9103e+006,-1.8914e-007,1.1152e-007,0,0,0,0,0,0,0,0,1,6.4738,3.6911,0
12.169,86.194,3.1698e-007,-4.1985e+006,-1.8914e-007,1.0391e-007,0,0,0,0,0,0,0,0,1,6.7186,3.5496,0
12.105,86.86,2.6608e-007,-5.5092e+006,-2.0908e-007,1.0391e-007,0,0,0,0,0,0,0,0,1,6.9692,3.4185,0
12.039,87.528,2.1627e-007,-6.7206e+006,-2.2442e-007,1.0906e-007,0,0,0,0,0,0,0,0,1,7.219,3.2859,0
11.969,88.03,1.9245e-007,-7.8542e+006,-2.2442e-007,9.6809e-008,0,0,0,0,0,0,6.0261e-009,1.3628e-008,1,7.475,3.1656,0
11.897,88.397,2.3513e-007,-9.0114e+006,-2.4284e-007,9.6809e-008,0,0,0,0,0,0,8.0249e-009,1.9486e-008,1,7.7362,3.0572,0
11.823,88.731,2.8224e-007,-1.0093e+007,-2.4091e-007,9.8736e-008,0,0,0,0,0,0,7.7649e-009,1.9591e-008,1,7.998,2.9502,0
11.821,88.739,2.8341e-007,-1.0128e+007,-2.5894e-007,9.8736e-008,0,0,0,0,0,0,7.5319e-009,1.9681e-008,1,8.0065,2.9469,0
11.742,88.963,3.1714e-007,-1.1149e+007,-2.5894e-007,9.8736e-008,0,0,0,0,0,0,8.7196e-009,2.4292e-008,1,8.2708,2.8462,0
11.663,89.067,3.1856e-007,-1.217e+007,-2.756e-007,8.0905e-008,0,0,0,0,0,0,1.0014e-008,3.178e-008,1,8.5386,2.7559,0
11.581,89.05,2.9352e-007,-1.3154e+007,-2.8914e-007,8.0905e-008,0,0,0,0,0,0,1.0059e-008,3.5087e-008,1,8.81,2.6763,0
11.553,89.021,2.8387e-007,-1.3464e+007,-2.8914e-007,8.0905e-008,0,0,0,0,0,0,1.0624e-008,3.7966e-008,1,8.8995,2.6512,0
11.552,89.02,2.8329e-007,-1.3483e+007,-2.8914e-007,8.0905e-008,0,0,0,0,0,0,1.1358e-008,4.0588e-008,1,8.9049,2.6497,0
11.55,89.018,2.827e-007,-1.3502e+007,-2.8914e-007,8.0905e-008,0,0,0,0,0,0,1.1358e-008,4.0588e-008,1,8.9104,2.6482,0
11.548,89.016,2.8211e-007,-1.352e+007,-2.8914e-007,8.0905e-008,0,0,0,0,0,0,1.1357e-008,4.0588e-008,1,8.9158,2.6467,0
11.547,89.014,2.8153e-007,-1.3539e+007,-2.8914e-007,8.0905e-008,0,0,0,0,0,0,1.1357e-008,4.0588e-008,1,8.9213,2.6451,0
11.545,89.013,2.8094e-007,-1.3558e+007,-2.8914e-007,8.0905e-008,0,0,0,0,0,0,1.1357e-008,4.0588e-008,1,8.9267,2.6436,0
11.543,89.011,2.8035e-007,-1.3577e+007,-2.8914e-007,8.0905e-008,0,0,0,0,0,0,1.1358e-008,4.0588e-008,1,8.9322,2.6421,0
11.541,89.009,2.7977e-007,-1.3596e+007,-2.8914e-007,8.0905e-008,0,0,0,0,0,0,1.1357e-008,4.0588e-008,1,8.9376,2.6406,0
11.54,89.007,2.7918e-007,-1.3615e+007,-2.8914e-007,8.0905e-008,0,0,0,0,0,0,1.1357e-008,4.0588e-008,1,8.9431,2.639,0
11.538,89.006,2.7859e-007,-1.3633e+007,-2.8914e-007,8.0905e-008,0,0,0,0,0,0,1.1358e-008,4.0588e-008,1,8.9485,2.6375,0
11.536,89.004,2.78e-007,-1.3652e+007,-2.8914e-007,8.0905e-008,0,0,0,0,0,0,1.1358e-008,4.0588e-008,1,8.954,2.636,0
11.535,89.002,2.7742e-007,-1.3671e+007,-2.8914e-007,8.0905e-008,0,0,0,0,0,0,1.1358e-008,4.0588e-008,1,8.9594,2.6345,0
11.533,89,2.7683e-007,-1.369e+007,-2.8914e-007,8.0905e-008,0,0,0,0,0,0,1.1217e-008,4.0627e-008,1,8.9649,2.6329,0
11.531,88.998,2.7527e-007,-1.3709e+007,-2.9254e-007,7.7509e-008,0,0,0,0,0,0,1.0934e-008,4.0704e-008,1,8.9703,2.6314,0
11.53,88.996,2.7245e-007,-1.3727e+007,-2.9254e-007,7.7509e-008,0,0,0,0,0,0,1.0794e-008,4.0741e-008,1,8.9758,2.63,0
11.528,88.993,2.6963e-007,-1.3746e+007,-2.9254e-007,7.7509e-008,0,0,0,0,0,0,1.0794e-008,4.0741e-008,1,8.9813,2.6285,0
11.526,88.99,2.6682e-007,-1.3765e+007,-2.9254e-007,7.7509e-008,0,0,0,0,0,0,1.0794e-008,4.0741e-008,1,8.9867,2.6271,0
11.524,88.988,2.64e-007,-1.3784e+007,-2.9254e-007,7.7509e-008,0,0,0,0,0,0,1.1449e-008,4.3212e-008,1,8.9922,2.6257,0
11.523,88.985,2.6119e-007,-1.3802e+007,-2.9254e-007,7.7509e-008,0,0,0,0,0,0,1.2658e-008,4.7773e-008,1,8.9977,2.6242,0
11.521,88.983,2.5837e-007,-1.3821e+007,-2.9254e-007,7.7509e-008,0,0,0,0,0,0,1.2658e-008,4.7773e-008,1,9.0031,2.6228,0
11.519,88.98,2.5556e-007,-1.384e+007,-2.9254e-007,7.7509e-008,0,0,0,0,0,0,1.322e-008,4.9898e-008,1,9.0086,2.6213,0
11.518,88.977,2.5274e-007,-1.3858e+007,-2.9254e-007,7.7509e-008,0,0,0,0,0,0,1.322e-008,4.9898e-008,1,9.0141,2.6199,0
11.516,88.975,2.4993e-007,-1.3877e+007,-2.9254e-007,7.7509e-008,0,0,0,0,0,0,1.3222e-008,4.9897e-008,1,9.0195,2.6184,0
11.514,88.972,2.4711e-007,-1.3896e+007,-2.9254e-007,7.7509e-008,0,0,0,0,0,0,1.3222e-008,4.9897e-008,1,9.025,2.617,0
11.512,88.969,2.443e-007,-1.3914e+007,-2.9254e-007,7.7509e-008,0,0,0,0,0,0,1.322e-008,4.9898e-008,1,9.0305,2.6155,0
11.511,88.967,2.4148e-007,-1.3933e+007,-2.9254e-007,7.7509e-008,0,0,0,0,0,0,1.322e-008,4.9898e-008,1,9.0359,2.6141,0
11.509,88.964,2.3867e-007,-1.3952e+007,-2.9254e-007,7.7509e-008,0,0,0,0,0,0,1.322e-008,4.9898e-008,1,9.0414,2.6126,0
11.507,88.961,2.3585e-007,-1.397e+007,-2.9254e-007,7.7509e-008,0,0,0,0,0,0,1.376e-008,5.1935e-008,1,9.0469,2.6112,0
11.506,88.959,2.3304e-007,-1.3989e+007,-2.9254e-007,7.7509e-008,0,0,0,0,0,0,1.4781e-008,5.5787e-008,1,9.0523,2.6097,0
11.504,88.956,2.3022e-007,-1.4008e+007,-2.9254e-007,7.7509e-008,0,0,0,0,0,0,1.4781e-008,5.5787e-008,1,9.0578,2.6083,0
11.502,88.954,2.274e-007,-1.4027e+007,-2.9254e-007,7.7509e-008,0,0,0,0,0,0,1.4781e-008,5.5787e-008,1,9.0633,2.6068,0
11.5,88.951,2.2459e-007,-1.4045e+007,-2.9254e-007,7.7509e-008,0,0,0,0,0,0,1.5265e-008,5.7617e-008,1,9.0687,2.6054,0
11.499,88.948,2.2177e-007,-1.4064e+007,-2.9254e-007,7.7509e-008,0,0,0,0,0,0,1.5266e-008,5.7617e-008,1,9.0742,2.6039,0
11.497,88.946,2.1896e-007,-1.4083e+007,-2.9254e-007,7.7509e-008,0,0,0,0,0,0,1.5267e-008,5.7616e-008,1,9.0797,2.6025,0
11.495,88.943,2.1614e-007,-1.4101e+007,-2.9254e-007,7.7509e-008,0,0,0,0,0,0,1.5265e-008,5.7617e-008,1,9.0852,2.601,0
11.494,88.94,2.1333e-007,-1.412e+007,-2.9254e-007,7.7509e-008,0,0,0,0,0,0,1.5265e-008,5.7617e-008,1,9.0906,2.5996,0
11.492,88.938,2.1051e-007,-1.4139e+007,-2.9254e-007,7.7509e-008,0,0,0,0,0,0,1.5265e-008,5.7617e-008,1,9.0961,2.5981,0
11.49,88.935,2.077e-007,-1.4157e+007,-2.9254e-007,7.7509e-008,0,0,0,0,0,0,1.5267e-008,5.7616e-008,1,9.1016,2.5967,0
11.488,88.933,2.0488e-007,-1.4176e+007,-2.9254e-007,7.7509e-008,0,0,0,0,0,0,1.5266e-008,5.7617e-008,1,9.107,2.5952,0
11.487,88.93,2.0207e-007,-1.4195e+007,-2.9254e-007,7.7509e-008,0,0,0,0,0,0,1.5265e-008,5.7617e-008,1,9.1125,2.5938,0
11.485,88.927,1.9925e-007,-1.4213e+007,-2.9254e-007,7.7509e-008,0,0,0,0,0,0,1.5265e-008,5.7617e-008,1,9.118,2.5923,0
11.483,88.925,1.9644e-007,-1.4232e+007,-2.9254e-007,7.7509e-008,0,0,0,0,0,0,1.5265e-008,5.7617e-008,1,9.1234,2.5909,0
11.482,88.922,1.9362e-007,-1.4251e+007,-2.9254e-007,7.7509e-008,0,0,0,0,0,0,1.5266e-008,5.7617e-008,1,9.1289,2.5894,0
11.48,88.919,1.908e-007,-1.427e+007,-2.9254e-007,7.7509e-008,0,0,0,0,0,0,1.5267e-008,5.7616e-008,1,9.1344,2.588,0
11.478,88.917,1.8799e-007,-1.4288e+007,-2.9254e-007,7.7509e-008,0,0,0,0,0,0,1.5267e-008,5.7616e-008,1,9.1398,2.5865,0
11.476,88.914,1.8517e-007,-1.4307e+007,-2.9254e-007,7.7509e-008,0,0,0,0,0,0,1.5265e-008,5.7617e-008,1,9.1453,2.5851,0
11.475,88.911,1.8236e-007,-1.4326e+007,-2.9254e-007,7.7509e-008,0,0,0,0,0,0,1.5265e-008,5.7617e-008,1,9.1508,2.5836,0
11.473,88.909,1.7954e-007,-1.4344e+007,-2.9254e-007,7.7509e-008,0,0,0,0,0,0,1.5267e-008,5.7616e-008,1,9.1562,2.5822,0
11.471,88.906,1.7673e-007,-1.4363e+007,-2.9254e-007,7.7509e-008,0,0,0,0,0,0,1.5266e-008,5.7617e-008,1,9.1617,2.5807,0
11.47,88.904,1.7391e-007,-1.4382e+007,-2.9254e-007,7.7509e-008,0,0,0,0,0,0,1.5265e-008,5.7617e-008,1,9.1672,2.5793,0
11.468,88.901,1.711e-007,-1.44e+007,-2.9254e-007,7.7509e-008,0,0,0,0,0,0,1.5265e-008,5.7617e-008,1,9.1726,2.5778,0
11.466,88.898,1.6828e-007,-1.4419e+007,-2.9254e-007,7.7509e-008,0,0,0,0,0,0,1.5265e-008,5.7617e-008,1,9.1781,2.5764,0
11.465,88.896,1.6547e-007,-1.4438e+007,-2.9254e-007,7.7509e-008,0,0,0,0,0,0,1.5736e-008,5.939e-008,1,9.1836,2.5749,0
11.463,88.893,1.6265e-007,-1.4456e+007,-2.9254e-007,7.7509e-008,0,0,0,0,0,0,1.6636e-008,6.2786e-008,1,9.189,2.5735,0
11.461,88.89,1.5984e-007,-1.4475e+007,-2.9254e-007,7.7509e-008,0,0,0,0,0,0,1.6636e-008,6.2786e-008,1,9.1945,2.572,0
11.459,88.888,1.5702e-007,-1.4494e+007,-2.9254e-007,7.7509e-008,0,0,0,0,0,0,1.6795e-008,6.4489e-008,1,9.2,2.5706,0
11.458,88.884,1.5745e-007,-1.4513e+007,-3.0402e-007,7.7509e-008,0,0,0,0,0,0,1.6493e-008,6.4567e-008,1,9.2055,2.5692,0
11.456,88.88,1.5788e-007,-1.4531e+007,-3.0402e-007,7.7509e-008,0,0,0,0,0,0,1.6493e-008,6.4567e-008,1,9.2109,2.5678,0
11.454,88.877,1.5832e-007,-1.4549e+007,-3.0402e-007,7.7509e-008,0,0,0,0,0,0,1.6462e-008,6.4575e-008,1,9.2164,2.5664,0
11.452,88.873,1.5875e-007,-1.4567e+007,-3.0402e-007,7.7509e-008,0,0,0,0,0,0,1.6464e-008,6.4574e-008,1,9.2219,2.565,0
11.451,88.869,1.5919e-007,-1.4585e+007,-3.0402e-007,7.7509e-008,0,0,0,0,0,0,1.6465e-008,6.4574e-008,1,9.2274,2.5636,0
11.449,88.865,1.5962e-007,-1.4603e+007,-3.0402e-007,7.7509e-008,0,0,0,0,0,0,1.6462e-008,6.4575e-008,1,9.2329,2.5622,0
11.447,88.861,1.6006e-007,-1.4621e+007,-3.0402e-007,7.7509e-008,0,0,0,0,0,0,1.6462e-008,6.4575e-008,1,9.2384,2.5608,0
11.445,88.858,1.6049e-007,-1.4639e+007,-3.0402e-007,7.7509e-008,0,0,0,0,0,0,1.6462e-008,6.4575e-008,1,9.2438,2.5594,0
11.443,88.854,1.6093e-007,-1.4657e+007,-3.0402e-007,7.7509e-008,0,0,0,0,0,0,1.6464e-008,6.4574e-008,1,9.2493,2.558,0
11.442,88.85,1.6136e-007,-1.4675e+007,-3.0402e-007,7.7509e-008,0,0,0,0,0,0,1.6465e-008,6.4574e-008,1,9.2548,2.5566,0
11.44,88.846,1.618e-007,-1.4693e+007,-3.0402e-007,7.7509e-008,0,0,0,0,0,0,1.6462e-008,6.4575e-008,1,9.2603,2.5552,0
11.438,88.843,1.6223e-007,-1.4711e+007,-3.0402e-007,7.7509e-008,0,0,0,0,0,0,1.6462e-008,6.4575e-008,1,9.2658,2.5538,0
11.436,88.839,1.6267e-007,-1.4729e+007,-3.0402e-007,7.7509e-008,0,0,0,0,0,0,1.6462e-008,6.4575e-008,1,9.2712,2.5524,0
11.435,88.835,1.631e-007,-1.4747e+007,-3.0402e-007,7.7509e-008,0,0,0,0,0,0,1.6464e-008,6.4574e-008,1,9.2767,2.551,0
11.433,88.831,1.6354e-007,-1.4765e+007,-3.0402e-007,7.7509e-008,0,0,0,0,0,0,1.6465e-008,6.4574e-008,1,9.2822,2.5496,0
11.431,88.827,1.6397e-007,-1.4783e+007,-3.0402e-007,7.7509e-008,0,0,0,0,0,0,1.6462e-008,6.4575e-008,1,9.2877,2.5482,0
11.429,88.824,1.6441e-007,-1.4801e+007,-3.0402e-007,7.7509e-008,0,0,0,0,0,0,1.6462e-008,6.4575e-008,1,9.2932,2.5468,0
11.427,88.82,1.6484e-007,-1.4819e+007,-3.0402e-007,7.7509e-008,0,0,0,0,0,0,1.6465e-008,6.4574e-008,1,9.2987,2.5454,0
11.426,88.816,1.6528e-007,-1.4837e+007,-3.0402e-007,7.7509e-008,0,0,0,0,0,0,1.6464e-008,6.4574e-008,1,9.3041,2.544,0
11.424,88.812,1.6571e-007,-1.4855e+007,-3.0402e-007,7.7509e-008,0,0,0,0,0,0,1.6462e-008,6.4575e-008,1,9.3096,2.5426,0
11.422,88.809,1.6615e-007,-1.4873e+007,-3.0402e-007,7.7509e-008,0,0,0,0,0,0,1.6462e-008,6.4575e-008,1,9.3151,2.5412,0
11.42,88.805,1.6658e-007,-1.4891e+007,-3.0402e-007,7.7509e-008,0,0,0,0,0,0,1.6462e-008,6.4575e-008,1,9.3206,2.5398,0
11.419,88.801,1.6702e-007,-1.4909e+007,-3.0402e-007,7.7509e-008,0,0,0,0,0,0,1.6465e-008,6.4574e-008,1,9.3261,2.5384,0
11.417,88.797,1.6745e-007,-1.4927e+007,-3.0402e-007,7.7509e-008,0,0,0,0,0,0,1.6464e-008,6.4574e-008,1,9.3315,2.5371,0
11.415,88.794,1.6788e-007,-1.4945e+007,-3.0402e-007,7.7509e-008,0,0,0,0,0,0,1.6462e-008,6.4575e-008,1,9.337,2.5357,0
11.413,88.79,1.6832e-007,-1.4963e+007,-3.0402e-007,7.7509e-008,0,0,0,0,0,0,1.6462e-008,6.4575e-008,1,9.3425,2.5343,0
11.411,88.786,1.6875e-007,-1.4981e+007,-3.0402e-007,7.7509e-008,0,0,0,0,0,0,1.6464e-008,6.4574e-008,1,9.348,2.5329,0
11.41,88.782,1.6919e-007,-1.4999e+007,-3.0402e-007,7.7509e-008,0,0,0,0,0,0,1.6464e-008,6.4574e-008,1,9.3535,2.5315,0
11.408,88.778,1.6962e-007,-1.5017e+007,-3.0402e-007,7.7509e-008,0,0,0,0,0,0,1.6462e-008,6.4575e-008,1,9.3589,2.5301,0
11.406,88.775,1.7006e-007,-1.5035e+007,-3.0402e-007,7.7509e-008,0,0,0,0,0,0,1.6462e-008,6.4575e-008,1,9.3644,2.5287,0
11.404,88.771,1.7049e-007,-1.5053e+007,-3.0402e-007,7.7509e-008,0,0,0,0,0,0,1.6462e-008,6.4575e-008,1,9.3699,2.5273,0
11.403,88.767,1.7093e-007,-1.5072e+007,-3.0402e-007,7.7509e-008,0,0,0,0,0,0,1.6464e-008,6.4574e-008,1,9.3754,2.5259,0
11.401,88.763,1.7136e-007,-1.509e+007,-3.0402e-007,7.7509e-008,0,0,0,0,0,0,1.6464e-008,6.4574e-008,1,9.3809,2.5245,0
11.399,88.76,1.718e-007,-1.5108e+007,-3.0402e-007,7.7509e-008,0,0,0,0,0,0,1.6464e-008,6.4574e-008,1,9.3864,2.5231,0
11.397,88.756,1.7223e-007,-1.5126e+007,-3.0402e-007,7.7509e-008,0,0,0,0,0,0,1.6462e-008,6.4575e-008,1,9.3918,2.5217,0
11.395,88.752,1.7267e-007,-1.5144e+007,-3.0402e-007,7.7509e-008,0,0,0,0,0,0,1.6462e-008,6.4575e-008,1,9.3973,2.5203,0
11.394,88.748,1.731e-007,-1.5162e+007,-3.0402e-007,7.7509e-008,0,0,0,0,0,0,1.6464e-008,6.4574e-008,1,9.4028,2.5189,0
11.392,88.744,1.7354e-007,-1.518e+007,-3.0402e-007,7.7509e-008,0,0,0,0,0,0,1.6464e-008,6.4574e-008,1,9.4083,2.5175,0
11.39,88.741,1.7397e-007,-1.5198e+007,-3.0402e-007,7.7509e-008,0,0,0,0,0,0,1.6464e-008,6.4574e-008,1,9.4138,2.5161,0
11.388,88.737,1.7441e-007,-1.5216e+007,-3.0402e-007,7.7509e-008,0,0,0,0,0,0,1.6462e-008,6.4575e-008,1,9.4192,2.5147,0
11.387,88.733,1.7484e-007,-1.5234e+007,-3.0402e-007,7.7509e-008,0,0,0,0,0,0,1.6464e-008,6.4574e-008,1,9.4247,2.5133,0
11.385,88.729,1.7528e-007,-1.5252e+007,-3.0402e-007,7.7509e-008,0,0,0,0,0,0,1.6464e-008,6.4574e-008,1,9.4302,2.5119,0
11.383,88.726,1.7571e-007,-1.527e+007,-3.0402e-007,7.7509e-008,0,0,0,0,0,0,1.6462e-008,6.4575e-008,1,9.4357,2.5105,0
11.381,88.722,1.7615e-007,-1.5288e+007,-3.0402e-007,7.7509e-008,0,0,0,0,0,0,1.6462e-008,6.4575e-008,1,9.4412,2.5091,0
11.38,88.718,1.7658e-007,-1.5306e+007,-3.0402e-007,7.7509e-008,0,0,0,0,0,0,1.6462e-008,6.4575e-008,1,9.4467,2.5077,0
11.378,88.714,1.7702e-007,-1.5324e+007,-3.0402e-007,7.7509e-008,0,0,0,0,0,0,1.6464e-008,6.4574e-008,1,9.4521,2.5063,0
11.376,88.711,1.7745e-007,-1.5342e+007,-3.0402e-007,7.7509e-008,0,0,0,0,0,0,1.6465e-008,6.4574e-008,1,9.4576,2.5049,0
11.374,88.707,1.7789e-007,-1.536e+007,-3.0402e-007,7.7509e-008,0,0,0,0,0,0,1.6462e-008,6.4575e-008,1,9.4631,2.5035,0
11.372,88.703,1.7832e-007,-1.5378e+007,-3.0402e-007,7.7509e-008,0,0,0,0,0,0,1.6462e-008,6.4575e-008,1,9.4686,2.5021,0
11.371,88.699,1.7876e-007,-1.5396e+007,-3.0402e-007,7.7509e-008,0,0,0,0,0,0,1.6464e-008,6.4574e-008,1,9.4741,2.5007,0
11.369,88.695,1.7919e-007,-1.5414e+007,-3.0402e-007,7.7509e-008,0,0,0,0,0,0,1.6464e-008,6.4574e-008,1,9.4795,2.4993,0
11.367,88.692,1.7963e-007,-1.5432e+007,-3.0402e-007,7.7509e-008,0,0,0,0,0,0,1.6464e-008,6.4574e-008,1,9.485,2.4979,0
11.365,88.688,1.8006e-007,-1.545e+007,-3.0402e-007,7.7509e-008,0,0,0,0,0,0,1.6462e-008,6.4575e-008,1,9.4905,2.4965,0
11.364,88.684,1.805e-007,-1.5468e+007,-3.0402e-007,7.7509e-008,0,0,0,0,0,0,1.6462e-008,6.4575e-008,1,9.496,2.4951,0
11.362,88.68,1.8093e-007,-1.5486e+007,-3.0402e-007,7.7509e-008,0,0,0,0,0,0,1.6465e-008,6.4574e-008,1,9.5015,2.4937,0
11.36,88.677,1.8137e-007,-1.5504e+007,-3.0402e-007,7.7509e-008,0,0,0,0,0,0,1.5865e-008,6.4724e-008,1,9.5069,2.4923,0
11.358,88.672,1.8165e-007,-1.5522e+007,-3.0939e-007,7.2138e-008,0,0,0,0,0,0,1.5196e-008,6.4884e-008,1,9.5125,2.491,0
11.356,88.666,1.819e-007,-1.554e+007,-3.0939e-007,7.2138e-008,0,0,0,0,0,0,1.5131e-008,6.49e-008,1,9.518,2.4898,0
11.355,88.661,1.8216e-007,-1.5558e+007,-3.0939e-007,7.2138e-008,0,0,0,0,0,0,1.5134e-008,6.4899e-008,1,9.5235,2.4885,0
11.353,88.656,1.8241e-007,-1.5576e+007,-3.0939e-007,7.2138e-008,0,0,0,0,0,0,1.5134e-008,6.4899e-008,1,9.529,2.4872,0
11.351,88.651,1.8266e-007,-1.5593e+007,-3.0939e-007,7.2138e-008,0,0,0,0,0,0,1.5131e-008,6.49e-008,1,9.5345,2.4859,0
11.349,88.646,1.8292e-007,-1.5611e+007,-3.0939e-007,7.2138e-008,0,0,0,0,0,0,1.5132e-008,6.4899e-008,1,9.54,2.4846,0
11.347,88.641,1.8317e-007,-1.5629e+007,-3.0939e-007,7.2138e-008,0,0,0,0,0,0,1.5134e-008,6.4899e-008,1,9.5455,2.4833,0
11.346,88.636,1.8342e-007,-1.5647e+007,-3.0939e-007,7.2138e-008,0,0,0,0,0,0,1.5134e-008,6.4899e-008,1,9.551,2.482,0
11.344,88.631,1.8368e-007,-1.5665e+007,-3.0939e-007,7.2138e-008,0,0,0,0,0,0,1.5132e-008,6.4899e-008,1,9.5565,2.4808,0
11.342,88.625,1.8393e-007,-1.5683e+007,-3.0939e-007,7.2138e-008,0,0,0,0,0,0,1.5132e-008,6.4899e-008,1,9.562,2.4795,0
11.34,88.62,1.8418e-007,-1.57e+007,-3.0939e-007,7.2138e-008,0,0,0,0,0,0,1.5132e-008,6.4899e-008,1,9.5675,2.4782,0
11.338,88.615,1.8443e-007,-1.5718e+007,-3.0939e-007,7.2138e-008,0,0,0,0,0,0,1.5131e-008,6.49e-008,1,9.5731,2.4769,0
11.337,88.61,1.8469e-007,-1.5736e+007,-3.0939e-007,7.2138e-008,0,0,0,0,0,0,1.5132e-008,6.4899e-008,1,9.5786,2.4756,0
11.335,88.605,1.8494e-007,-1.5754e+007,-3.0939e-007,7.2138e-008,0,0,0,0,0,0,1.5134e-008,6.4899e-008,1,9.5841,2.4743,0
11.333,88.6,1.8519e-007,-1.5772e+007,-3.0939e-007,7.2138e-008,0,0,0,0,0,0,1.5134e-008,6.4899e-008,1,9.5896,2.4731,0
11.331,88.595,1.8545e-007,-1.5789e+007,-3.0939e-007,7.2138e-008,0,0,0,0,0,0,1.5132e-008,6.4899e-008,1,9.5951,2.4718,0
11.329,88.59,1.857e-007,-1.5807e+007,-3.1816e-007,7.2138e-008,0,0,0,0,0,0,1.5303e-008,6.6549e-008,1,9.6006,2.4705,0
11.237,88.292,1.9902e-007,-1.6674e+007,-3.1816e-007,7.2138e-008,0,0,0,0,0,0,1.3041e-008,6.8665e-008,1,9.8764,2.4079,0
11.144,87.791,1.9657e-007,-1.7541e+007,-3.3111e-007,4.3812e-008,0,0,0,0,0,0,9.883e-009,6.919e-008,1,10.156,2.365,0
11.05,87.216,1.953e-007,-1.8388e+007,-3.3292e-007,4.3812e-008,0,0,0,0,0,0,8.1768e-009,6.9413e-008,1,10.436,2.328,0
10.953,86.538,1.8785e-007,-1.923e+007,-3.4233e-007,3.4403e-008,0,0,0,0,0,0,6.7747e-009,6.9564e-008,1,10.718,2.2988,0
10.855,85.817,1.8305e-007,-2.0052e+007,-3.5131e-007,2.3719e-008,0,0,0,0,0,0,5.5405e-009,6.9673e-008,1,10.999,2.2731,0
10.756,85.017,1.8494e-007,-2.0856e+007,-3.4599e-007,2.3719e-008,0,0,0,0,0,0,3.6654e-009,6.9796e-008,1,11.281,2.254,0
10.655,84.118,1.8224e-007,-2.1671e+007,-3.576e-007,1.2105e-008,0,0,0,0,0,0,2.4978e-009,6.9848e-008,1,11.564,2.2435,0
10.631,83.9,1.8136e-007,-2.1862e+007,-3.4874e-007,1.2105e-008,0,0,0,0,0,0,1.8041e-009,6.9869e-008,1,11.632,2.2411,0
10.531,82.944,1.8417e-007,-2.2673e+007,-3.6084e-007,0,0,0,0,0,0,0,1.8041e-009,6.9869e-008,1,11.915,2.2362,0
12.226,72.264,1.5036e-007,0,-1.8419e-007,1.9149e-007,0,0,0,0,0,0,0,0,1,7.5,5,0
12.148,73.431,2.0341e-007,-1.0645e+006,-2.1813e-007,1.9149e-007,0,0,0,0,0,0,0,0,1,7.7043,4.8048,0
12.146,73.452,2.0449e-007,-1.084e+006,-2.1813e-007,1.9149e-007,0,0,0,0,0,0,9.6641e-009,1.1342e-008,1,7.7086,4.801,0
12.145,73.472,2.0418e-007,-1.1035e+006,-2.1813e-007,1.7919e-007,0,0,0,0,0,0,1.3403e-008,1.6262e-008,1,7.7129,4.7974,0
12.143,73.492,2.0332e-007,-1.1236e+006,-2.1813e-007,1.7919e-007,0,0,0,0,0,0,1.6383e-008,1.9943e-008,1,7.7173,4.7938,0
12.141,73.512,2.0247e-007,-1.1436e+006,-2.1813e-007,1.7919e-007,0,0,0,0,0,0,1.8917e-008,2.3028e-008,1,7.7217,4.7903,0
12.14,73.532,2.0161e-007,-1.1636e+006,-2.1813e-007,1.7919e-007,0,0,0,0,0,0,1.8917e-008,2.3028e-008,1,7.726,4.7867,0
12.138,73.552,2.0076e-007,-1.1837e+006,-2.1813e-007,1.7919e-007,0,0,0,0,0,0,1.8917e-008,2.3028e-008,1,7.7304,4.7831,0
12.137,73.572,1.9991e-007,-1.2037e+006,-2.1813e-007,1.7919e-007,0,0,0,0,0,0,1.8917e-008,2.3028e-008,1,7.7348,4.7795,0
12.135,73.591,1.9905e-007,-1.2237e+006,-2.1813e-007,1.7919e-007,0,0,0,0,0,0,1.8917e-008,2.3028e-008,1,7.7391,4.7759,0
12.133,73.611,1.982e-007,-1.2438e+006,-2.1813e-007,1.7919e-007,0,0,0,0,0,0,1.8918e-008,2.3028e-008,1,7.7435,4.7723,0
12.132,73.631,1.9734e-007,-1.2638e+006,-2.1813e-007,1.7919e-007,0,0,0,0,0,0,1.8918e-008,2.3028e-008,1,7.7479,4.7687,0
12.13,73.651,1.9649e-007,-1.2839e+006,-2.1813e-007,1.7919e-007,0,0,0,0,0,0,1.8918e-008,2.3028e-008,1,7.7523,4.7651,0
12.129,73.671,1.9564e-007,-1.3039e+006,-2.1813e-007,1.7919e-007,0,0,0,0,0,0,1.8917e-008,2.3028e-008,1,7.7566,4.7615,0
12.127,73.691,1.9478e-007,-1.3239e+006,-2.1813e-007,1.7919e-007,0,0,0,0,0,0,1.8917e-008,2.3028e-008,1,7.761,4.7579,0
12.125,73.711,1.9393e-007,-1.344e+006,-2.1813e-007,1.7919e-007,0,0,0,0,0,0,1.8917e-008,2.3028e-008,1,7.7654,4.7543,0
12.124,73.731,1.9307e-007,-1.364e+006,-2.1813e-007,1.7919e-007,0,0,0,0,0,0,2.1151e-008,2.5746e-008,1,7.7697,4.7508,0
12.122,73.751,1.9222e-007,-1.3841e+006,-2.1813e-007,1.7919e-007,0,0,0,0,0,0,2.3169e-008,2.8204e-008,1,7.7741,4.7472,0
12.121,73.771,1.9137e-007,-1.4041e+006,-2.1813e-007,1.7919e-007,0,0,0,0,0,0,2.3169e-008,2.8204e-008,1,7.7785,4.7436,0
12.119,73.791,1.9051e-007,-1.4241e+006,-2.1813e-007,1.7919e-007,0,0,0,0,0,0,2.3169e-008,2.8204e-008,1,7.7829,4.74,0
12.117,73.811,1.8966e-007,-1.4442e+006,-2.1813e-007,1.7919e-007,0,0,0,0,0,0,2.3169e-008,2.8204e-008,1,7.7872,4.7364,0
12.116,73.831,1.8881e-007,-1.4642e+006,-2.1813e-007,1.7919e-007,0,0,0,0,0,0,2.3169e-008,2.8204e-008,1,7.7916,4.7328,0
12.114,73.851,1.8795e-007,-1.4843e+006,-2.1813e-007,1.7919e-007,0,0,0,0,0,0,2.3169e-008,2.8204e-008,1,7.796,4.7292,0
12.113,73.871,1.871e-007,-1.5043e+006,-2.1813e-007,1.7919e-007,0,0,0,0,0,0,2.317e-008,2.8203e-008,1,7.8003,4.7256,0
12.111,73.891,1.8624e-007,-1.5243e+006,-2.1813e-007,1.7919e-007,0,0,0,0,0,0,2.317e-008,2.8203e-008,1,7.8047,4.722,0
12.109,73.91,1.8539e-007,-1.5444e+006,-2.1813e-007,1.7919e-007,0,0,0,0,0,0,2.317e-008,2.8203e-008,1,7.8091,4.7184,0
12.108,73.93,1.8454e-007,-1.5644e+006,-2.1813e-007,1.7919e-007,0,0,0,0,0,0,2.3169e-008,2.8204e-008,1,7.8135,4.7148,0
12.106,73.95,1.8368e-007,-1.5845e+006,-2.1813e-007,1.7919e-007,0,0,0,0,0,0,2.3169e-008,2.8204e-008,1,7.8178,4.7113,0
12.105,73.97,1.8283e-007,-1.6045e+006,-2.1813e-007,1.7919e-007,0,0,0,0,0,0,2.3169e-008,2.8204e-008,1,7.8222,4.7077,0
12.103,73.99,1.8197e-007,-1.6245e+006,-2.1813e-007,1.7919e-007,0,0,0,0,0,0,2.3169e-008,2.8204e-008,1,7.8266,4.7041,0
12.101,74.01,1.8112e-007,-1.6446e+006,-2.1813e-007,1.7919e-007,0,0,0,0,0,0,2.5026e-008,3.0463e-008,1,7.8309,4.7005,0
12.1,74.03,1.8027e-007,-1.6646e+006,-2.1813e-007,1.7919e-007,0,0,0,0,0,0,2.6753e-008,3.2567e-008,1,7.8353,4.6969,0
12.098,74.05,1.7941e-007,-1.6846e+006,-2.1813e-007,1.7919e-007,0,0,0,0,0,0,2.6753e-008,3.2567e-008,1,7.8397,4.6933,0
12.097,74.07,1.7856e-007,-1.7047e+006,-2.1813e-007,1.7919e-007,0,0,0,0,0,0,2.6753e-008,3.2567e-008,1,7.8441,4.6897,0
12.095,74.09,1.7771e-007,-1.7247e+006,-2.1813e-007,1.7919e-007,0,0,0,0,0,0,2.6753e-008,3.2567e-008,1,7.8484,4.6861,0
12.094,74.11,1.7685e-007,-1.7448e+006,-2.1813e-007,1.7919e-007,0,0,0,0,0,0,2.6753e-008,3.2567e-008,1,7.8528,4.6825,0
12.092,74.13,1.76e-007,-1.7648e+006,-2.1813e-007,1.7919e-007,0,0,0,0,0,0,2.6753e-008,3.2567e-008,1,7.8572,4.6789,0
12.09,74.15,1.7514e-007,-1.7848e+006,-2.1813e-007,1.7919e-007,0,0,0,0,0,0,2.8377e-008,3.4542e-008,1,7.8615,4.6753,0
12.089,74.17,1.7429e-007,-1.8049e+006,-2.1813e-007,1.7919e-007,0,0,0,0,0,0,2.9911e-008,3.6411e-008,1,7.8659,4.6718,0
12.087,74.19,1.7344e-007,-1.8249e+006,-2.1813e-007,1.7919e-007,0,0,0,0,0,0,2.9911e-008,3.6411e-008,1,7.8703,4.6682,0
12.086,74.21,1.7258e-007,-1.845e+006,-2.1813e-007,1.7919e-007,0,0,0,0,0,0,2.9911e-008,3.6411e-008,1,7.8747,4.6646,0
12.084,74.229,1.7173e-007,-1.865e+006,-2.1813e-007,1.7919e-007,0,0,0,0,0,0,2.9911e-008,3.6411e-008,1,7.879,4.661,0
12.082,74.249,1.7087e-007,-1.885e+006,-2.1813e-007,1.7919e-007,0,0,0,0,0,0,2.9911e-008,3.6411e-008,1,7.8834,4.6574,0
12.081,74.269,1.7002e-007,-1.9051e+006,-2.1813e-007,1.7919e-007,0,0,0,0,0,0,3.1372e-008,3.8188e-008,1,7.8878,4.6538,0
12.079,74.289,1.6917e-007,-1.9251e+006,-2.1813e-007,1.7919e-007,0,0,0,0,0,0,3.2766e-008,3.9887e-008,1,7.8921,4.6502,0
12.078,74.309,1.6831e-007,-1.9452e+006,-2.1813e-007,1.7919e-007,0,0,0,0,0,0,3.2766e-008,3.9886e-008,1,7.8965,4.6466,0
12.076,74.329,1.6746e-007,-1.9652e+006,-2.1813e-007,1.7919e-007,0,0,0,0,0,0,3.2766e-008,3.9886e-008,1,7.9009,4.643,0
12.074,74.349,1.666e-007,-1.9852e+006,-2.1813e-007,1.7919e-007,0,0,0,0,0,0,3.2766e-008,3.9886e-008,1,7.9052,4.6394,0
12.073,74.369,1.6575e-007,-2.0053e+006,-2.1813e-007,1.7919e-007,0,0,0,0,0,0,3.2766e-008,3.9886e-008,1,7.9096,4.6358,0
12.071,74.389,1.649e-007,-2.0253e+006,-2.1813e-007,1.7919e-007,0,0,0,0,0,0,3.4105e-008,4.1514e-008,1,7.914,4.6323,0
12.07,74.409,1.6404e-007,-2.0454e+006,-2.1813e-007,1.7919e-007,0,0,0,0,0,0,3.5391e-008,4.3083e-008,1,7.9184,4.6287,0
12.068,74.429,1.6319e-007,-2.0654e+006,-2.1813e-007,1.7919e-007,0,0,0,0,0,0,3.5391e-008,4.3082e-008,1,7.9227,4.6251,0
12.066,74.449,1.6234e-007,-2.0854e+006,-2.1813e-007,1.7919e-007,0,0,0,0,0,0,3.5391e-008,4.3082e-008,1,7.9271,4.6215,0
12.065,74.469,1.6148e-007,-2.1055e+006,-2.1813e-007,1.7919e-007,0,0,0,0,0,0,3.5391e-008,4.3082e-008,1,7.9315,4.6179,0
12.063,74.489,1.6063e-007,-2.1255e+006,-2.1813e-007,1.7919e-007,0,0,0,0,0,0,3.5391e-008,4.3082e-008,1,7.9358,4.6143,0
12.062,74.509,1.5977e-007,-2.1455e+006,-2.1813e-007,1.7919e-007,0,0,0,0,0,0,3.5391e-008,4.3082e-008,1,7.9402,4.6107,0
12.06,74.529,1.5892e-007,-2.1656e+006,-2.1813e-007,1.7919e-007,0,0,0,0,0,0,3.5392e-008,4.3081e-008,1,7.9446,4.6071,0
12.058,74.549,1.5807e-007,-2.1856e+006,-2.1813e-007,1.7919e-007,0,0,0,0,0,0,3.5392e-008,4.3081e-008,1,7.949,4.6035,0
12.057,74.568,1.5721e-007,-2.2057e+006,-2.1813e-007,1.7919e-007,0,0,0,0,0,0,3.5392e-008,4.3081e-008,1,7.9533,4.5999,0
12.055,74.588,1.5636e-007,-2.2257e+006,-2.1813e-007,1.7919e-007,0,0,0,0,0,0,3.5391e-008,4.3082e-008,1,7.9577,4.5964,0
12.054,74.608,1.555e-007,-2.2457e+006,-2.1813e-007,1.7919e-007,0,0,0,0,0,0,3.5391e-008,4.3082e-008,1,7.9621,4.5928,0
12.052,74.628,1.5465e-007,-2.2658e+006,-2.1813e-007,1.7919e-007,0,0,0,0,0,0,3.5391e-008,4.3082e-008,1,7.9664,4.5892,0
12.05,74.648,1.538e-007,-2.2858e+006,-2.1813e-007,1.7919e-007,0,0,0,0,0,0,3.5391e-008,4.3082e-008,1,7.9708,4.5856,0
12.049,74.668,1.5294e-007,-2.3059e+006,-2.1813e-007,1.7919e-007,0,0,0,0,0,0,3.5391e-008,4.3083e-008,1,7.9752,4.582,0
12.047,74.688,1.5209e-007,-2.3259e+006,-2.1813e-007,1.7919e-007,0,0,0,0,0,0,3.6635e-008,4.4593e-008,1,7.9796,4.5784,0
12.046,74.708,1.5123e-007,-2.3459e+006,-2.1813e-007,1.7919e-007,0,0,0,0,0,0,3.7835e-008,4.6057e-008,1,7.9839,4.5748,0
12.044,74.728,1.5038e-007,-2.366e+006,-2.1813e-007,1.7919e-007,0,0,0,0,0,0,3.7835e-008,4.6057e-008,1,7.9883,4.5712,0
12.042,74.748,1.4953e-007,-2.386e+006,-2.1813e-007,1.7919e-007,0,0,0,0,0,0,3.7835e-008,4.6057e-008,1,7.9927,4.5676,0
12.041,74.768,1.4867e-007,-2.4061e+006,-2.1813e-007,1.7919e-007,0,0,0,0,0,0,3.7397e-008,4.6413e-008,1,7.997,4.564,0
12.039,74.786,1.4781e-007,-2.4261e+006,-2.4978e-007,1.7919e-007,0,0,0,0,0,0,3.6962e-008,4.9077e-008,1,8.0015,4.5605,0
11.952,75.566,1.0612e-007,-3.3462e+006,-2.4978e-007,1.6109e-007,0,0,0,0,0,0,3.5217e-008,5.2503e-008,1,8.2313,4.3957,0
11.866,76.207,1.4573e-007,-4.2978e+006,-2.7728e-007,1.6109e-007,0,0,0,0,0,0,3.2728e-008,5.409e-008,1,8.471,4.2456,0
11.776,76.728,1.8686e-007,-5.1799e+006,-2.7515e-007,1.6322e-007,0,0,0,0,0,0,3.0961e-008,5.512e-008,1,8.7152,4.1029,0
11.682,77.13,2.0597e-007,-6.064e+006,-3.0191e-007,1.36e-007,0,0,0,0,0,0,2.8006e-008,5.6679e-008,1,8.9638,3.9688,0
11.588,77.351,1.7507e-007,-6.9181e+006,-3.2165e-007,1.36e-007,0,0,0,0,0,0,2.5099e-008,5.8024e-008,1,9.2217,3.8526,0
11.489,77.446,1.4638e-007,-7.7281e+006,-3.2791e-007,1.2974e-007,0,0,0,0,0,0,2.3508e-008,5.8687e-008,1,9.483,3.7442,0
11.387,77.444,1.2189e-007,-8.5301e+006,-3.4403e-007,1.2974e-007,0,0,0,0,0,0,2.13e-008,5.9524e-008,1,9.7468,3.6423,0
11.284,77.305,1.2443e-007,-9.2994e+006,-3.5219e-007,9.7626e-008,0,0,0,0,0,0,1.7148e-008,6.085e-008,1,10.015,3.5538,0
11.179,76.895,1.423e-007,-1.0073e+007,-3.6558e-007,8.4236e-008,0,0,0,0,0,0,1.4304e-008,6.1581e-008,1,10.29,3.4891,0
11.072,76.462,1.5935e-007,-1.0827e+007,-3.6814e-007,8.4236e-008,0,0,0,0,0,0,1.2686e-008,6.1934e-008,1,10.566,3.4258,0
10.962,75.861,1.7783e-007,-1.1576e+007,-3.8124e-007,6.7207e-008,0,0,0,0,0,0,1.0572e-008,6.233e-008,1,10.844,3.3756,0
10.851,75.2,1.9721e-007,-1.2307e+007,-4.0153e-007,4.6916e-008,0,0,0,0,0,0,8.9642e-009,6.4331e-008,1,11.124,3.3312,0
10.739,74.415,2.0685e-007,-1.3007e+007,-3.9058e-007,4.6916e-008,0,0,0,0,0,0,6.9496e-009,6.6277e-008,1,11.405,3.2976,0
10.626,73.536,2.1867e-007,-1.3726e+007,-3.9545e-007,2.4135e-008,0,0,0,0,0,0,5.0159e-009,6.6451e-008,1,11.686,3.2722,0
10.513,72.582,2.3232e-007,-1.4439e+007,-4.1958e-007,0,0,0,0,0,0,0,5.0159e-009,6.6451e-008,1,11.968,3.255,0
12.135,61.346,1.018e-007,0,-2.6858e-007,3.1477e-007,0,0,0,0,0,0,0,0,1,9,6,0
12.018,62.327,1.8003e-007,-6.8356e+005,-2.6858e-007,3.1477e-007,0,0,0,0,0,0,0,0,1,9.1836,5.7848,0
11.89,63.01,2.4781e-007,-1.3671e+006,-3.3307e-007,2.7339e-007,0,0,0,0,0,0,0,0,1,9.387,5.5885,0
11.767,63.583,1.8584e-007,-2.0235e+006,-3.8431e-007,2.7339e-007,0,0,0,0,0,0,0,0,1,9.6056,5.4091,0
11.634,63.889,1.2516e-007,-2.6232e+006,-3.8431e-007,2.7339e-007,0,0,0,0,0,0,0,0,1,9.8361,5.2451,0
11.504,63.986,1.4462e-007,-3.2229e+006,-4.1657e-007,2.1868e-007,0,0,0,0,0,0,0,0,1,10.082,5.1053,0
11.369,63.827,1.8775e-007,-3.8241e+006,-4.3525e-007,1.9999e-007,0,0,0,0,0,0,0,0,1,10.338,4.9859,0
11.229,63.569,2.2971e-007,-4.4146e+006,-4.5699e-007,1.9999e-007,0,0,0,0,0,0,0,0,1,10.597,4.8721,0
11.089,63.131,2.492e-007,-4.9816e+006,-4.9376e-007,9.4785e-008,0,0,0,0,0,0,0,0,1,10.862,4.776,0
10.947,62.242,2.3829e-007,-5.5442e+006,-4.9376e-007,9.4785e-008,0,0,0,0,0,0,0,0,1,11.139,4.7227,0
10.804,61.282,2.2416e-007,-6.1067e+006,-5.2238e-007,4.9733e-008,0,0,0,0,0,0,0,0,1,11.418,4.676,0
10.659,60.105,2.1284e-007,-6.6458e+006,-4.885e-007,4.9733e-008,0,0,0,0,0,0,0,0,1,11.699,4.6486,0
10.51,58.638,2.1947e-007,-7.2218e+006,-5.3823e-007,0,0,0,0,0,0,0,0,0,1,11.982,4.6458,0
12.077,50.774,2.2117e-007,0,-5.7305e-007,6.8761e-007,0,0,0,0,0,0,0,0,1,10.5,7,0
11.827,50.44,1.2251e-007,-3.1599e+005,-5.7305e-007,5.4314e-007,0,0,0,0,0,0,0,0,1,10.681,6.7827,0
11.589,49.884,2.132e-007,-6.7422e+005,-7.2748e-007,5.4314e-007,0,0,0,0,0,0,9.2613e-009,1.1674e-008,1,10.897,6.6008,0
11.332,49.008,3.0054e-007,-9.8577e+005,-7.2748e-007,5.4314e-007,0,0,0,0,0,0,9.9013e-009,1.8603e-008,1,11.124,6.4316,0
11.081,47.42,2.8893e-007,-1.2973e+006,-8.8858e-007,1.9095e-007,0,0,0,0,0,0,5.7584e-009,2.0271e-008,1,11.388,6.339,0
10.828,45.501,2.5921e-007,-1.6085e+006,-8.1971e-007,1.9095e-007,0,0,0,0,0,0,3.0757e-009,2.5626e-008,1,11.664,6.2782,0
10.554,42.823,2.6374e-007,-1.9446e+006,-1.0107e-006,0,0,0,0,0,0,0,3.0757e-009,2.5626e-008,1,11.946,6.2719,0
10.5,25,4.0776e-007,0,-6.25e-006,0,0,0,0,0,0,0,1,0,0,12,8,0
